date,sensor_id,output_path,raw_acc_rows,acc_1s_rows,raw_hr_rows,hr_1s_rows,merged_rows,first_timestamp,last_timestamp
2026-05-25,V001,D:\Google Drive\Eduacation\2026SS\月2_SHL\第７回\2026_05_28\2026_05_25\2026_05_25_V001_merged.csv,369640,7522,7518,5008,2177,2026-05-25 11:07:02,2026-05-25 11:43:18
2026-05-25,V002,D:\Google Drive\Eduacation\2026SS\月2_SHL\第７回\2026_05_28\2026_05_25\2026_05_25_V002_merged.csv,379880,7518,7515,7055,2175,2026-05-25 11:07:11,2026-05-25 11:43:25
2026-05-25,V003,D:\Google Drive\Eduacation\2026SS\月2_SHL\第７回\2026_05_28\2026_05_25\2026_05_25_V003_merged.csv,389740,7379,7378,7126,2177,2026-05-25 11:07:19,2026-05-25 11:43:35
2026-05-25,V004,D:\Google Drive\Eduacation\2026SS\月2_SHL\第７回\2026_05_28\2026_05_25\2026_05_25_V004_merged.csv,393880,7518,7514,7298,2175,2026-05-25 11:07:30,2026-05-25 11:43:44
2026-05-25,V005,D:\Google Drive\Eduacation\2026SS\月2_SHL\第７回\2026_05_28\2026_05_25\2026_05_25_V005_merged.csv,379280,7517,7514,7323,2174,2026-05-25 11:07:38,2026-05-25 11:43:51
2026-05-25,V006,D:\Google Drive\Eduacation\2026SS\月2_SHL\第７回\2026_05_28\2026_05_25\2026_05_25_V006_merged.csv,391680,7515,7512,7329,2175,2026-05-25 11:07:45,2026-05-25 11:43:59
2026-05-25,V007,D:\Google Drive\Eduacation\2026SS\月2_SHL\第７回\2026_05_28\2026_05_25\2026_05_25_V007_merged.csv,372600,7514,7510,7419,2172,2026-05-25 11:07:55,2026-05-25 11:44:06
2026-05-25,V008,D:\Google Drive\Eduacation\2026SS\月2_SHL\第７回\2026_05_28\2026_05_25\2026_05_25_V008_merged.csv,370060,7511,7508,7344,2173,2026-05-25 11:08:03,2026-05-25 11:44:15
2026-05-25,V009,D:\Google Drive\Eduacation\2026SS\月2_SHL\第７回\2026_05_28\2026_05_25\2026_05_25_V009_merged.csv,388400,7510,7506,7351,2170,2026-05-25 11:08:13,2026-05-25 11:44:22
2026-05-25,V010,D:\Google Drive\Eduacation\2026SS\月2_SHL\第７回\2026_05_28\2026_05_25\2026_05_25_V010_merged.csv,374520,7507,7504,7275,2171,2026-05-25 11:08:21,2026-05-25 11:44:31
2026-05-25,V011,D:\Google Drive\Eduacation\2026SS\月2_SHL\第７回\2026_05_28\2026_05_25\2026_05_25_V011_merged.csv,401540,7504,7502,7364,2169,2026-05-25 11:08:33,2026-05-25 11:44:41
2026-05-25,V012,D:\Google Drive\Eduacation\2026SS\月2_SHL\第７回\2026_05_28\2026_05_25\2026_05_25_V012_merged.csv,381920,7503,7500,7372,2169,2026-05-25 11:08:41,2026-05-25 11:44:49
2026-05-25,V013,D:\Google Drive\Eduacation\2026SS\月2_SHL\第７回\2026_05_28\2026_05_25\2026_05_25_V013_merged.csv,383780,7500,7497,7379,2168,2026-05-25 11:08:51,2026-05-25 11:44:58
2026-05-25,V014,D:\Google Drive\Eduacation\2026SS\月2_SHL\第７回\2026_05_28\2026_05_25\2026_05_25_V014_merged.csv,362360,7320,7319,7218,1988,2026-05-25 11:09:01,2026-05-25 11:42:08
2026-05-25,V015,D:\Google Drive\Eduacation\2026SS\月2_SHL\第７回\2026_05_28\2026_05_25\2026_05_25_V015_merged.csv,379120,7495,7492,7391,2165,2026-05-25 11:09:08,2026-05-25 11:45:12
2026-05-25,V016,D:\Google Drive\Eduacation\2026SS\月2_SHL\第７回\2026_05_28\2026_05_25\2026_05_25_V016_merged.csv,380640,7496,7492,7333,2164,2026-05-25 11:09:16,2026-05-25 11:45:19
2026-05-25,V017,D:\Google Drive\Eduacation\2026SS\月2_SHL\第７回\2026_05_28\2026_05_25\2026_05_25_V017_merged.csv,373760,7492,7489,7368,2164,2026-05-25 11:09:24,2026-05-25 11:45:27
2026-05-25,V018,D:\Google Drive\Eduacation\2026SS\月2_SHL\第７回\2026_05_28\2026_05_25\2026_05_25_V018_merged.csv,367100,7491,7488,7413,2161,2026-05-25 11:09:34,2026-05-25 11:45:34
2026-05-25,V019,D:\Google Drive\Eduacation\2026SS\月2_SHL\第７回\2026_05_28\2026_05_25\2026_05_25_V019_merged.csv,392780,7487,7485,7343,2162,2026-05-25 11:09:41,2026-05-25 11:45:42
2026-05-25,V020,D:\Google Drive\Eduacation\2026SS\月2_SHL\第７回\2026_05_28\2026_05_25\2026_05_25_V020_merged.csv,379420,7486,7482,5144,2162,2026-05-25 11:09:49,2026-05-25 11:45:50
2026-05-25,V021,D:\Google Drive\Eduacation\2026SS\月2_SHL\第７回\2026_05_28\2026_05_25\2026_05_25_V021_merged.csv,382640,7483,7480,7426,2158,2026-05-25 11:09:59,2026-05-25 11:45:56
2026-05-25,V022,D:\Google Drive\Eduacation\2026SS\月2_SHL\第７回\2026_05_28\2026_05_25\2026_05_25_V022_merged.csv,403980,7480,7476,7395,2157,2026-05-25 11:10:08,2026-05-25 11:46:04
2026-05-25,V023,D:\Google Drive\Eduacation\2026SS\月2_SHL\第７回\2026_05_28\2026_05_25\2026_05_25_V023_merged.csv,378300,7476,7472,7419,2156,2026-05-25 11:10:18,2026-05-25 11:46:13
2026-05-25,V024,D:\Google Drive\Eduacation\2026SS\月2_SHL\第７回\2026_05_28\2026_05_25\2026_05_25_V024_merged.csv,402940,7474,7471,7417,2155,2026-05-25 11:10:27,2026-05-25 11:46:21
2026-05-25,V025,D:\Google Drive\Eduacation\2026SS\月2_SHL\第７回\2026_05_28\2026_05_25\2026_05_25_V025_merged.csv,383020,7470,7467,7416,2153,2026-05-25 11:10:35,2026-05-25 11:46:27
2026-05-25,V026,D:\Google Drive\Eduacation\2026SS\月2_SHL\第７回\2026_05_28\2026_05_25\2026_05_25_V026_merged.csv,364640,7467,7464,7416,2152,2026-05-25 11:10:46,2026-05-25 11:46:37
2026-05-25,V027,D:\Google Drive\Eduacation\2026SS\月2_SHL\第７回\2026_05_28\2026_05_25\2026_05_25_V027_merged.csv,374700,7464,7461,7375,2150,2026-05-25 11:10:55,2026-05-25 11:46:44
2026-05-25,V028,D:\Google Drive\Eduacation\2026SS\月2_SHL\第７回\2026_05_28\2026_05_25\2026_05_25_V028_merged.csv,395300,7461,7459,7367,2149,2026-05-25 11:11:04,2026-05-25 11:46:52
2026-05-25,V029,D:\Google Drive\Eduacation\2026SS\月2_SHL\第７回\2026_05_28\2026_05_25\2026_05_25_V029_merged.csv,382830,7011,6924,6056,1699,2026-05-25 11:11:12,2026-05-25 11:39:30
2026-05-25,V030,D:\Google Drive\Eduacation\2026SS\月2_SHL\第７回\2026_05_28\2026_05_25\2026_05_25_V030_merged.csv,202336,3785,3771,2572,2158,2026-05-25 11:11:21,2026-05-25 11:47:18
2026-05-25,V031,D:\Google Drive\Eduacation\2026SS\月2_SHL\第７回\2026_05_28\2026_05_25\2026_05_25_V031_merged.csv,398520,7464,7460,7354,2160,2026-05-25 11:11:30,2026-05-25 11:47:29
2026-05-25,V032,D:\Google Drive\Eduacation\2026SS\月2_SHL\第７回\2026_05_28\2026_05_25\2026_05_25_V032_merged.csv,398940,7465,7462,7390,2163,2026-05-25 11:11:37,2026-05-25 11:47:39
2026-05-25,V033,D:\Google Drive\Eduacation\2026SS\月2_SHL\第７回\2026_05_28\2026_05_25\2026_05_25_V033_merged.csv,247011,4673,4580,3900,2160,2026-05-25 11:11:46,2026-05-25 11:47:45
2026-05-25,V034,D:\Google Drive\Eduacation\2026SS\月2_SHL\第７回\2026_05_28\2026_05_25\2026_05_25_V034_merged.csv,299034,5646,5386,4293,2159,2026-05-25 11:11:56,2026-05-25 11:47:54
2026-05-25,V035,D:\Google Drive\Eduacation\2026SS\月2_SHL\第７回\2026_05_28\2026_05_25\2026_05_25_V035_merged.csv,362600,7462,7458,7367,2162,2026-05-25 11:12:05,2026-05-25 11:48:06
2026-05-25,V036,D:\Google Drive\Eduacation\2026SS\月2_SHL\第７回\2026_05_28\2026_05_25\2026_05_25_V036_merged.csv,380460,7459,7455,7325,2161,2026-05-25 11:12:14,2026-05-25 11:48:14
2026-05-25,V037,D:\Google Drive\Eduacation\2026SS\月2_SHL\第７回\2026_05_28\2026_05_25\2026_05_25_V037_merged.csv,397760,7456,7453,7313,2159,2026-05-25 11:12:23,2026-05-25 11:48:21
2026-05-25,V038,D:\Google Drive\Eduacation\2026SS\月2_SHL\第７回\2026_05_28\2026_05_25\2026_05_25_V038_merged.csv,393060,7467,7464,7325,2170,2026-05-25 11:12:33,2026-05-25 11:48:42
2026-05-25,V039,D:\Google Drive\Eduacation\2026SS\月2_SHL\第７回\2026_05_28\2026_05_25\2026_05_25_V039_merged.csv,362580,7325,7321,7149,2030,2026-05-25 11:15:01,2026-05-25 11:48:50
2026-05-25,V040,D:\Google Drive\Eduacation\2026SS\月2_SHL\第７回\2026_05_28\2026_05_25\2026_05_25_V040_merged.csv,404240,7462,7459,7301,2169,2026-05-25 11:12:54,2026-05-25 11:49:02
2026-05-25,V041,D:\Google Drive\Eduacation\2026SS\月2_SHL\第７回\2026_05_28\2026_05_25\2026_05_25_V041_merged.csv,385780,7334,7330,7158,2042,2026-05-25 11:15:11,2026-05-25 11:49:12
2026-05-25,V042,D:\Google Drive\Eduacation\2026SS\月2_SHL\第７回\2026_05_28\2026_05_25\2026_05_25_V042_merged.csv,364015,6866,6634,5967,1575,2026-05-25 11:13:16,2026-05-25 11:39:30
