Date,Timestamp,SensorID,HeartRate,AccNorm
2026-05-25,2026-05-25 11:13:16,V042,,0.9907352119352207
2026-05-25,2026-05-25 11:13:17,V042,,0.9906347500866113
2026-05-25,2026-05-25 11:13:18,V042,,0.9917006442930545
2026-05-25,2026-05-25 11:13:19,V042,97.0,0.9907411816537253
2026-05-25,2026-05-25 11:13:20,V042,97.0,0.9902706769342589
2026-05-25,2026-05-25 11:13:21,V042,96.0,0.9916008097115164
2026-05-25,2026-05-25 11:13:22,V042,95.0,0.989944285786353
2026-05-25,2026-05-25 11:13:23,V042,95.0,0.9910499061364315
2026-05-25,2026-05-25 11:13:24,V042,95.0,0.9906121741980334
2026-05-25,2026-05-25 11:13:25,V042,95.0,0.990196937887598
2026-05-25,2026-05-25 11:13:26,V042,96.0,0.9903781090035437
2026-05-25,2026-05-25 11:13:27,V042,96.0,0.9895314060475567
2026-05-25,2026-05-25 11:13:28,V042,97.0,0.9900526330938835
2026-05-25,2026-05-25 11:13:29,V042,97.0,0.9898615418708074
2026-05-25,2026-05-25 11:13:30,V042,98.0,0.990426548392721
2026-05-25,2026-05-25 11:13:31,V042,97.0,0.988624642359624
2026-05-25,2026-05-25 11:13:32,V042,97.0,0.9906366673940815
2026-05-25,2026-05-25 11:13:33,V042,97.0,0.9906946097257179
2026-05-25,2026-05-25 11:13:34,V042,97.0,0.9898565940362636
2026-05-25,2026-05-25 11:13:35,V042,96.0,0.9907591141991136
2026-05-25,2026-05-25 11:13:36,V042,96.0,0.9898250897024953
2026-05-25,2026-05-25 11:13:37,V042,97.0,0.990598704906825
2026-05-25,2026-05-25 11:13:38,V042,97.0,0.9901577273429889
2026-05-25,2026-05-25 11:13:39,V042,96.0,0.9897512578861817
2026-05-25,2026-05-25 11:13:40,V042,96.0,0.9896248951931909
2026-05-25,2026-05-25 11:13:41,V042,96.0,0.9894241740488204
2026-05-25,2026-05-25 11:13:42,V042,96.0,0.9902675039154829
2026-05-25,2026-05-25 11:13:43,V042,95.0,0.9906121098560925
2026-05-25,2026-05-25 11:13:44,V042,95.0,0.9897848729779987
2026-05-25,2026-05-25 11:13:45,V042,95.0,0.990235797800406
2026-05-25,2026-05-25 11:13:46,V042,95.0,0.9891049610079058
2026-05-25,2026-05-25 11:13:47,V042,95.0,0.9911853271876236
2026-05-25,2026-05-25 11:13:48,V042,96.0,0.9906422194840652
2026-05-25,2026-05-25 11:13:49,V042,95.0,0.9901391824943576
2026-05-25,2026-05-25 11:13:50,V042,95.0,0.9905513540427485
2026-05-25,2026-05-25 11:13:51,V042,95.0,0.9897113467200784
2026-05-25,2026-05-25 11:13:52,V042,95.0,0.9898498931780514
2026-05-25,2026-05-25 11:13:53,V042,95.0,0.9901952887308718
2026-05-25,2026-05-25 11:13:54,V042,94.0,0.9905644919844775
2026-05-25,2026-05-25 11:13:55,V042,94.0,0.9904674371208995
2026-05-25,2026-05-25 11:13:56,V042,94.0,0.9905958309362323
2026-05-25,2026-05-25 11:13:57,V042,94.0,0.9898051041522968
2026-05-25,2026-05-25 11:13:58,V042,93.0,0.9897008972044395
2026-05-25,2026-05-25 11:13:59,V042,93.0,0.989710424485924
2026-05-25,2026-05-25 11:14:00,V042,93.0,0.9904921025576812
2026-05-25,2026-05-25 11:14:01,V042,93.0,0.9902918238273423
2026-05-25,2026-05-25 11:14:02,V042,93.0,0.9959356331932776
2026-05-25,2026-05-25 11:14:03,V042,93.0,0.9902112689475878
2026-05-25,2026-05-25 11:14:04,V042,93.0,0.9909127871369299
2026-05-25,2026-05-25 11:14:05,V042,93.0,0.9902751987896065
2026-05-25,2026-05-25 11:14:06,V042,93.0,0.9895919495764796
2026-05-25,2026-05-25 11:14:07,V042,92.0,0.9896591526505316
2026-05-25,2026-05-25 11:14:08,V042,92.0,0.9904188075616833
2026-05-25,2026-05-25 11:14:09,V042,92.0,0.9590244590103413
2026-05-25,2026-05-25 11:14:10,V042,92.0,0.9886515578389111
2026-05-25,2026-05-25 11:14:11,V042,92.0,0.9900075127594501
2026-05-25,2026-05-25 11:14:12,V042,91.0,0.9902799075257368
2026-05-25,2026-05-25 11:14:13,V042,91.0,0.9909163036072725
2026-05-25,2026-05-25 11:14:14,V042,90.0,0.990325626339283
2026-05-25,2026-05-25 11:14:15,V042,90.0,0.989877564966106
2026-05-25,2026-05-25 11:14:16,V042,89.0,0.9901969378345109
2026-05-25,2026-05-25 11:14:17,V042,89.0,0.9896424362194874
2026-05-25,2026-05-25 11:14:18,V042,88.0,0.9959696872630333
2026-05-25,2026-05-25 11:14:19,V042,88.0,0.9893498119222769
2026-05-25,2026-05-25 11:14:20,V042,88.0,0.984124779953161
2026-05-25,2026-05-25 11:14:21,V042,88.0,0.9919826331035608
2026-05-25,2026-05-25 11:14:22,V042,88.0,0.9666745737761475
2026-05-25,2026-05-25 11:14:23,V042,88.0,0.9853817004073463
2026-05-25,2026-05-25 11:14:24,V042,88.0,0.9810765186961194
2026-05-25,2026-05-25 11:14:25,V042,88.0,0.9851952596851294
2026-05-25,2026-05-25 11:14:26,V042,87.0,0.9874185450002135
2026-05-25,2026-05-25 11:14:27,V042,87.0,0.9877208495637148
2026-05-25,2026-05-25 11:14:28,V042,88.0,0.9906446076841897
2026-05-25,2026-05-25 11:14:29,V042,88.0,0.9897387970794403
2026-05-25,2026-05-25 11:14:30,V042,88.0,0.9876395026545831
2026-05-25,2026-05-25 11:14:31,V042,88.0,0.9903082271401893
2026-05-25,2026-05-25 11:14:32,V042,88.0,0.989683790732122
2026-05-25,2026-05-25 11:14:33,V042,88.0,0.9884599824081575
2026-05-25,2026-05-25 11:14:34,V042,88.0,0.989959089886012
2026-05-25,2026-05-25 11:14:35,V042,88.0,0.9909337420415321
2026-05-25,2026-05-25 11:14:36,V042,88.0,0.9900857041126632
2026-05-25,2026-05-25 11:14:37,V042,88.0,0.9897174609561423
2026-05-25,2026-05-25 11:14:38,V042,88.0,0.9904111700589115
2026-05-25,2026-05-25 11:14:39,V042,87.0,0.9876552401880185
2026-05-25,2026-05-25 11:14:40,V042,87.0,0.9902690460426367
2026-05-25,2026-05-25 11:14:41,V042,87.0,1.0240792526367544
2026-05-25,2026-05-25 11:14:42,V042,88.0,0.9874594012455896
2026-05-25,2026-05-25 11:14:43,V042,88.0,0.9896537074184563
2026-05-25,2026-05-25 11:14:44,V042,88.0,0.9903072093232005
2026-05-25,2026-05-25 11:14:45,V042,88.0,0.9894333265070259
2026-05-25,2026-05-25 11:14:46,V042,88.0,0.9898488233479034
2026-05-25,2026-05-25 11:14:47,V042,88.0,0.9897161879073175
2026-05-25,2026-05-25 11:14:48,V042,88.0,0.9895577740403573
2026-05-25,2026-05-25 11:14:49,V042,88.0,0.9902028991878193
2026-05-25,2026-05-25 11:14:50,V042,88.0,0.9902351205167607
2026-05-25,2026-05-25 11:14:51,V042,87.0,0.9984323589027989
2026-05-25,2026-05-25 11:14:52,V042,87.0,0.9894030391024471
2026-05-25,2026-05-25 11:14:53,V042,87.0,0.9906630529542861
2026-05-25,2026-05-25 11:14:54,V042,87.0,0.9901421288308397
2026-05-25,2026-05-25 11:14:55,V042,86.0,0.9913781062754382
2026-05-25,2026-05-25 11:14:56,V042,86.0,0.9902212248371342
2026-05-25,2026-05-25 11:14:57,V042,86.0,0.9904920310733397
2026-05-25,2026-05-25 11:14:58,V042,86.0,0.9902771505902028
2026-05-25,2026-05-25 11:14:59,V042,86.0,0.9898938888280071
2026-05-25,2026-05-25 11:15:00,V042,86.0,0.9900573980301397
2026-05-25,2026-05-25 11:15:01,V042,86.0,0.9899801789841004
2026-05-25,2026-05-25 11:15:02,V042,86.0,0.9889509629806197
2026-05-25,2026-05-25 11:15:03,V042,85.0,0.9890131457276926
2026-05-25,2026-05-25 11:15:04,V042,85.0,0.9865712568907514
2026-05-25,2026-05-25 11:15:05,V042,85.0,0.9910193500318218
2026-05-25,2026-05-25 11:15:06,V042,85.0,0.9900608241685943
2026-05-25,2026-05-25 11:15:07,V042,84.0,0.9889652800686114
2026-05-25,2026-05-25 11:15:08,V042,84.0,0.9875634049244755
2026-05-25,2026-05-25 11:15:09,V042,83.0,0.9917131227894119
2026-05-25,2026-05-25 11:15:10,V042,83.0,0.9934917549607829
2026-05-25,2026-05-25 11:15:11,V042,83.0,0.990810921963393
2026-05-25,2026-05-25 11:15:12,V042,82.0,0.9897950766694379
2026-05-25,2026-05-25 11:15:13,V042,82.0,0.9905132713441664
2026-05-25,2026-05-25 11:15:14,V042,82.0,0.9901807288718155
2026-05-25,2026-05-25 11:15:15,V042,81.0,0.9900446250296697
2026-05-25,2026-05-25 11:15:16,V042,81.0,0.9883493289602062
2026-05-25,2026-05-25 11:15:17,V042,80.0,0.9930457233353698
2026-05-25,2026-05-25 11:15:18,V042,79.0,0.9951506060040789
2026-05-25,2026-05-25 11:15:19,V042,78.0,0.9906801321911072
2026-05-25,2026-05-25 11:15:20,V042,77.0,0.9912886917734214
2026-05-25,2026-05-25 11:15:21,V042,78.0,0.989915341249265
2026-05-25,2026-05-25 11:15:22,V042,79.0,0.9933113807474119
2026-05-25,2026-05-25 11:15:23,V042,79.0,0.9665229062082625
2026-05-25,2026-05-25 11:15:24,V042,79.0,0.9844911462436763
2026-05-25,2026-05-25 11:15:25,V042,79.0,1.0012626311637731
2026-05-25,2026-05-25 11:15:26,V042,79.0,0.9676072260706675
2026-05-25,2026-05-25 11:15:27,V042,79.0,0.9923761788768899
2026-05-25,2026-05-25 11:15:28,V042,79.0,0.99086839437527
2026-05-25,2026-05-25 11:15:29,V042,78.0,0.991377455307332
2026-05-25,2026-05-25 11:15:30,V042,78.0,0.9925021962167787
2026-05-25,2026-05-25 11:15:31,V042,78.0,0.9925567981190975
2026-05-25,2026-05-25 11:15:32,V042,79.0,0.9936355333762669
2026-05-25,2026-05-25 11:15:33,V042,79.0,0.9926654482459614
2026-05-25,2026-05-25 11:15:34,V042,79.0,0.9898211844193314
2026-05-25,2026-05-25 11:15:35,V042,78.0,0.98045983290927
2026-05-25,2026-05-25 11:15:36,V042,78.0,0.9935942243877861
2026-05-25,2026-05-25 11:15:37,V042,77.0,0.9916700765039138
2026-05-25,2026-05-25 11:15:38,V042,77.0,1.0054105889722178
2026-05-25,2026-05-25 11:15:39,V042,76.0,0.9908707021747672
2026-05-25,2026-05-25 11:15:40,V042,76.0,0.9890919189655024
2026-05-25,2026-05-25 11:15:41,V042,75.0,0.9948186681889902
2026-05-25,2026-05-25 11:15:42,V042,75.0,0.9924541881815252
2026-05-25,2026-05-25 11:15:43,V042,75.0,0.9909761050894658
2026-05-25,2026-05-25 11:15:44,V042,75.0,0.9880636965502865
2026-05-25,2026-05-25 11:15:45,V042,74.0,0.9915967285615244
2026-05-25,2026-05-25 11:15:46,V042,74.0,0.9929326220340766
2026-05-25,2026-05-25 11:15:47,V042,74.0,0.9982162691629382
2026-05-25,2026-05-25 11:15:48,V042,74.0,0.992186852341041
2026-05-25,2026-05-25 11:15:49,V042,74.0,0.9911317481209504
2026-05-25,2026-05-25 11:15:50,V042,75.0,0.9910821544054359
2026-05-25,2026-05-25 11:15:51,V042,75.0,0.9916356561715544
2026-05-25,2026-05-25 11:15:52,V042,76.0,0.9912698898126112
2026-05-25,2026-05-25 11:15:53,V042,76.0,0.9915089994401255
2026-05-25,2026-05-25 11:15:54,V042,76.0,0.9908348616809411
2026-05-25,2026-05-25 11:15:55,V042,76.0,0.9912347760155921
2026-05-25,2026-05-25 11:15:56,V042,76.0,0.9909463947127404
2026-05-25,2026-05-25 11:15:57,V042,76.0,0.9910769229468547
2026-05-25,2026-05-25 11:15:58,V042,76.0,0.9911158403473003
2026-05-25,2026-05-25 11:15:59,V042,76.0,0.9910156436747114
2026-05-25,2026-05-25 11:16:00,V042,76.0,0.9920598662774839
2026-05-25,2026-05-25 11:16:01,V042,75.0,0.9918926791111711
2026-05-25,2026-05-25 11:16:02,V042,75.0,0.9739545568941713
2026-05-25,2026-05-25 11:16:03,V042,76.0,0.9906761837163504
2026-05-25,2026-05-25 11:16:04,V042,76.0,0.9912677091142243
2026-05-25,2026-05-25 11:16:05,V042,76.0,0.9911796459464928
2026-05-25,2026-05-25 11:16:06,V042,76.0,0.9912317942023201
2026-05-25,2026-05-25 11:16:07,V042,76.0,0.9911488667562068
2026-05-25,2026-05-25 11:16:08,V042,75.0,0.9919116887356966
2026-05-25,2026-05-25 11:16:09,V042,75.0,0.9926273922845643
2026-05-25,2026-05-25 11:16:10,V042,75.0,0.9915977889433419
2026-05-25,2026-05-25 11:16:11,V042,74.0,0.994220793101094
2026-05-25,2026-05-25 11:16:12,V042,73.0,0.9714390459326453
2026-05-25,2026-05-25 11:16:13,V042,73.0,0.9956779782984686
2026-05-25,2026-05-25 11:16:14,V042,72.0,0.9907112859357381
2026-05-25,2026-05-25 11:16:15,V042,72.0,0.9914567650716485
2026-05-25,2026-05-25 11:16:16,V042,72.0,0.9910040194645312
2026-05-25,2026-05-25 11:16:17,V042,72.0,0.9913743476999198
2026-05-25,2026-05-25 11:16:18,V042,72.0,0.993072438644129
2026-05-25,2026-05-25 11:16:19,V042,73.0,0.9920277708429235
2026-05-25,2026-05-25 11:16:20,V042,73.0,0.9910573472728943
2026-05-25,2026-05-25 11:16:21,V042,73.0,0.9912884010703992
2026-05-25,2026-05-25 11:16:22,V042,73.0,0.9909855961015069
2026-05-25,2026-05-25 11:16:23,V042,74.0,0.9909203000334599
2026-05-25,2026-05-25 11:16:24,V042,74.0,0.9908786633374778
2026-05-25,2026-05-25 11:16:25,V042,74.0,0.9923044963678054
2026-05-25,2026-05-25 11:16:26,V042,74.0,0.9913110770831038
2026-05-25,2026-05-25 11:16:27,V042,75.0,0.9921910380668097
2026-05-25,2026-05-25 11:16:28,V042,75.0,0.9907329728060379
2026-05-25,2026-05-25 11:16:29,V042,77.0,0.9916362491619151
2026-05-25,2026-05-25 11:16:30,V042,78.0,0.9910922971513131
2026-05-25,2026-05-25 11:16:31,V042,78.0,0.9918183103726543
2026-05-25,2026-05-25 11:16:32,V042,78.0,0.9929001841666829
2026-05-25,2026-05-25 11:16:33,V042,77.0,0.9918941995766681
2026-05-25,2026-05-25 11:16:34,V042,77.0,0.9915294180990986
2026-05-25,2026-05-25 11:16:35,V042,76.0,0.9916344545537439
2026-05-25,2026-05-25 11:16:36,V042,76.0,0.9911104211275349
2026-05-25,2026-05-25 11:16:37,V042,77.0,0.9905196079568762
2026-05-25,2026-05-25 11:16:38,V042,77.0,0.9912492974019653
2026-05-25,2026-05-25 11:16:39,V042,77.0,0.9910956859050177
2026-05-25,2026-05-25 11:16:40,V042,77.0,0.9914652006044276
2026-05-25,2026-05-25 11:16:41,V042,76.0,0.9909974045550294
2026-05-25,2026-05-25 11:16:42,V042,76.0,0.9916157918056656
2026-05-25,2026-05-25 11:16:43,V042,76.0,0.9908267066389412
2026-05-25,2026-05-25 11:16:44,V042,76.0,0.9919116626110124
2026-05-25,2026-05-25 11:16:45,V042,76.0,0.9909899015335843
2026-05-25,2026-05-25 11:16:46,V042,76.0,0.9915569992744887
2026-05-25,2026-05-25 11:16:47,V042,77.0,0.991258082028194
2026-05-25,2026-05-25 11:16:48,V042,77.0,0.9911664515150704
2026-05-25,2026-05-25 11:16:49,V042,78.0,0.991281635680472
2026-05-25,2026-05-25 11:16:50,V042,78.0,0.9905302336800434
2026-05-25,2026-05-25 11:16:51,V042,80.0,0.9908044390719207
2026-05-25,2026-05-25 11:16:52,V042,81.0,0.9911909112157834
2026-05-25,2026-05-25 11:16:53,V042,82.0,0.9913904704388605
2026-05-25,2026-05-25 11:16:54,V042,83.0,0.9911919348736727
2026-05-25,2026-05-25 11:16:55,V042,83.0,0.9907447684445132
2026-05-25,2026-05-25 11:16:56,V042,84.0,0.991125019157736
2026-05-25,2026-05-25 11:16:57,V042,84.0,0.9915557506349475
2026-05-25,2026-05-25 11:16:58,V042,85.0,0.9913429876933932
2026-05-25,2026-05-25 11:16:59,V042,85.0,0.9913013710219365
2026-05-25,2026-05-25 11:17:00,V042,85.0,0.9905777258328727
2026-05-25,2026-05-25 11:17:01,V042,84.0,0.9911461236064968
2026-05-25,2026-05-25 11:17:02,V042,84.0,0.9909497698257312
2026-05-25,2026-05-25 11:17:03,V042,84.0,0.9906269234674284
2026-05-25,2026-05-25 11:17:04,V042,84.0,0.991012180188592
2026-05-25,2026-05-25 11:17:05,V042,85.0,0.9908184722916391
2026-05-25,2026-05-25 11:17:06,V042,85.0,0.9912612700142679
2026-05-25,2026-05-25 11:17:07,V042,85.0,0.9918381966717633
2026-05-25,2026-05-25 11:17:08,V042,85.0,0.9912044546824477
2026-05-25,2026-05-25 11:17:09,V042,85.0,0.9910042521289613
2026-05-25,2026-05-25 11:17:10,V042,85.0,0.9915707337252802
2026-05-25,2026-05-25 11:17:11,V042,85.0,0.9912488318392768
2026-05-25,2026-05-25 11:17:12,V042,85.0,0.9908933764415887
2026-05-25,2026-05-25 11:17:13,V042,85.0,0.9914024863424823
2026-05-25,2026-05-25 11:17:14,V042,84.0,0.9917109681612056
2026-05-25,2026-05-25 11:17:15,V042,84.0,0.991867826976313
2026-05-25,2026-05-25 11:17:16,V042,84.0,0.9911084753184501
2026-05-25,2026-05-25 11:17:17,V042,84.0,0.9912162369635776
2026-05-25,2026-05-25 11:17:18,V042,84.0,0.9911448429166975
2026-05-25,2026-05-25 11:17:19,V042,84.0,0.9909242133049909
2026-05-25,2026-05-25 11:17:20,V042,85.0,0.9908342066825349
2026-05-25,2026-05-25 11:17:21,V042,85.0,0.9907166388897022
2026-05-25,2026-05-25 11:17:22,V042,85.0,0.9914805031471032
2026-05-25,2026-05-25 11:17:23,V042,85.0,0.9913185234009925
2026-05-25,2026-05-25 11:17:24,V042,84.0,0.9914820408023836
2026-05-25,2026-05-25 11:17:25,V042,84.0,0.9911530719555323
2026-05-25,2026-05-25 11:17:26,V042,83.0,0.9912286092442462
2026-05-25,2026-05-25 11:17:27,V042,83.0,0.9907227025863843
2026-05-25,2026-05-25 11:17:28,V042,84.0,0.9911541460087985
2026-05-25,2026-05-25 11:17:29,V042,84.0,0.9912979131765038
2026-05-25,2026-05-25 11:17:30,V042,84.0,0.9911274554189913
2026-05-25,2026-05-25 11:17:31,V042,84.0,0.9911557371958276
2026-05-25,2026-05-25 11:17:32,V042,84.0,0.9907477596301437
2026-05-25,2026-05-25 11:17:33,V042,83.0,0.9918151132838695
2026-05-25,2026-05-25 11:17:34,V042,83.0,0.990335424697986
2026-05-25,2026-05-25 11:17:35,V042,83.0,0.9914738897197383
2026-05-25,2026-05-25 11:17:36,V042,82.0,0.9915016016939718
2026-05-25,2026-05-25 11:17:37,V042,83.0,0.9910513067814921
2026-05-25,2026-05-25 11:17:38,V042,83.0,0.9920435997366441
2026-05-25,2026-05-25 11:17:39,V042,83.0,0.990670159497117
2026-05-25,2026-05-25 11:17:40,V042,84.0,0.9909305054701762
2026-05-25,2026-05-25 11:17:41,V042,84.0,0.9910798254000678
2026-05-25,2026-05-25 11:17:42,V042,85.0,0.9911333224022377
2026-05-25,2026-05-25 11:17:43,V042,85.0,0.9909122005491312
2026-05-25,2026-05-25 11:17:44,V042,85.0,0.990685930068701
2026-05-25,2026-05-25 11:17:45,V042,85.0,0.9896279744668699
2026-05-25,2026-05-25 11:17:46,V042,84.0,0.9909106893687307
2026-05-25,2026-05-25 11:17:47,V042,84.0,0.9906386500027494
2026-05-25,2026-05-25 11:17:48,V042,84.0,0.9912211051485705
2026-05-25,2026-05-25 11:17:49,V042,84.0,0.9905127067889685
2026-05-25,2026-05-25 11:17:50,V042,84.0,0.9907365145257787
2026-05-25,2026-05-25 11:17:51,V042,84.0,0.9904435102993502
2026-05-25,2026-05-25 11:17:52,V042,84.0,0.9915119715607419
2026-05-25,2026-05-25 11:17:53,V042,84.0,0.9912026242315114
2026-05-25,2026-05-25 11:17:54,V042,83.0,0.9906930962091397
2026-05-25,2026-05-25 11:17:55,V042,83.0,0.9907678486762959
2026-05-25,2026-05-25 11:17:56,V042,83.0,0.9912130981973518
2026-05-25,2026-05-25 11:17:57,V042,83.0,0.9921511219027901
2026-05-25,2026-05-25 11:17:58,V042,84.0,0.9904023082632302
2026-05-25,2026-05-25 11:17:59,V042,83.0,0.9901554884372028
2026-05-25,2026-05-25 11:18:00,V042,83.0,0.9917292014259941
2026-05-25,2026-05-25 11:18:01,V042,83.0,0.9904631639856996
2026-05-25,2026-05-25 11:18:02,V042,83.0,0.9912134979710218
2026-05-25,2026-05-25 11:18:03,V042,83.0,0.9906312093015835
2026-05-25,2026-05-25 11:18:04,V042,84.0,0.9917849414535326
2026-05-25,2026-05-25 11:18:05,V042,84.0,0.9902703321156494
2026-05-25,2026-05-25 11:18:06,V042,84.0,0.9914756497663412
2026-05-25,2026-05-25 11:18:07,V042,84.0,0.9897701556922021
2026-05-25,2026-05-25 11:18:08,V042,84.0,0.9903232160466581
2026-05-25,2026-05-25 11:18:09,V042,84.0,0.9916488489735485
2026-05-25,2026-05-25 11:18:10,V042,84.0,0.9918850853493283
2026-05-25,2026-05-25 11:18:11,V042,85.0,0.9906874008527646
2026-05-25,2026-05-25 11:18:12,V042,85.0,0.9921974623703618
2026-05-25,2026-05-25 11:18:13,V042,86.0,0.9910609696745993
2026-05-25,2026-05-25 11:18:14,V042,86.0,0.9904965215850193
2026-05-25,2026-05-25 11:18:15,V042,86.0,0.9920818861407971
2026-05-25,2026-05-25 11:18:16,V042,86.0,0.991331192836339
2026-05-25,2026-05-25 11:18:17,V042,85.0,0.9907237137850603
2026-05-25,2026-05-25 11:18:18,V042,85.0,0.9907009662151146
2026-05-25,2026-05-25 11:18:19,V042,85.0,0.9913127662634034
2026-05-25,2026-05-25 11:18:20,V042,85.0,0.990732609992208
2026-05-25,2026-05-25 11:18:21,V042,85.0,0.9920386348867336
2026-05-25,2026-05-25 11:18:22,V042,86.0,0.9908855353066487
2026-05-25,2026-05-25 11:18:23,V042,86.0,0.990250028966968
2026-05-25,2026-05-25 11:18:24,V042,87.0,0.9907391629529574
2026-05-25,2026-05-25 11:18:25,V042,87.0,0.9913781159805809
2026-05-25,2026-05-25 11:18:26,V042,88.0,0.9911734295721277
2026-05-25,2026-05-25 11:18:27,V042,88.0,0.9912686588446059
2026-05-25,2026-05-25 11:18:28,V042,87.0,0.990806153054985
2026-05-25,2026-05-25 11:18:29,V042,87.0,0.9918894554490573
2026-05-25,2026-05-25 11:18:30,V042,88.0,0.9926966621898442
2026-05-25,2026-05-25 11:18:31,V042,88.0,0.9918230567262218
2026-05-25,2026-05-25 11:18:32,V042,88.0,0.9910848668313711
2026-05-25,2026-05-25 11:18:33,V042,88.0,0.9908681511025035
2026-05-25,2026-05-25 11:18:34,V042,89.0,0.9912335339631868
2026-05-25,2026-05-25 11:18:35,V042,89.0,0.9907774178342994
2026-05-25,2026-05-25 11:18:36,V042,90.0,0.9905277764828317
2026-05-25,2026-05-25 11:18:37,V042,90.0,0.9915868982429047
2026-05-25,2026-05-25 11:18:38,V042,90.0,0.9914430281080608
2026-05-25,2026-05-25 11:18:39,V042,90.0,0.9916679376222305
2026-05-25,2026-05-25 11:18:40,V042,90.0,0.9910725799361837
2026-05-25,2026-05-25 11:18:41,V042,90.0,0.9906345244170194
2026-05-25,2026-05-25 11:18:42,V042,90.0,0.9905814049630455
2026-05-25,2026-05-25 11:18:43,V042,90.0,0.9908602521045873
2026-05-25,2026-05-25 11:18:44,V042,90.0,0.9912570101022369
2026-05-25,2026-05-25 11:18:45,V042,90.0,0.9909354975193639
2026-05-25,2026-05-25 11:18:46,V042,91.0,0.9911271844106746
2026-05-25,2026-05-25 11:18:47,V042,91.0,0.9908382898790483
2026-05-25,2026-05-25 11:18:48,V042,91.0,0.9908299362995555
2026-05-25,2026-05-25 11:18:49,V042,91.0,0.9915657121170547
2026-05-25,2026-05-25 11:18:50,V042,92.0,0.9907680677999473
2026-05-25,2026-05-25 11:18:51,V042,92.0,0.9916971680293427
2026-05-25,2026-05-25 11:18:52,V042,92.0,0.9915523280143037
2026-05-25,2026-05-25 11:18:53,V042,93.0,0.990992393191642
2026-05-25,2026-05-25 11:18:54,V042,93.0,0.9909173891354384
2026-05-25,2026-05-25 11:18:55,V042,94.0,0.9914554199812026
2026-05-25,2026-05-25 11:18:56,V042,94.0,0.9909692566961641
2026-05-25,2026-05-25 11:18:57,V042,94.0,0.990587851178788
2026-05-25,2026-05-25 11:18:58,V042,94.0,0.9909502113910539
2026-05-25,2026-05-25 11:18:59,V042,94.0,0.9909357440703472
2026-05-25,2026-05-25 11:19:00,V042,94.0,0.9908473035538772
2026-05-25,2026-05-25 11:19:01,V042,94.0,0.9915518845074399
2026-05-25,2026-05-25 11:19:02,V042,94.0,0.9910585517479022
2026-05-25,2026-05-25 11:19:03,V042,93.0,0.9910450899393928
2026-05-25,2026-05-25 11:19:04,V042,93.0,0.9908228615005457
2026-05-25,2026-05-25 11:19:05,V042,92.0,0.990683562707058
2026-05-25,2026-05-25 11:19:06,V042,92.0,0.9908782119395376
2026-05-25,2026-05-25 11:19:07,V042,91.0,0.9908886638078724
2026-05-25,2026-05-25 11:19:08,V042,90.0,0.9905927878040427
2026-05-25,2026-05-25 11:19:09,V042,90.0,0.9886864388610812
2026-05-25,2026-05-25 11:19:10,V042,91.0,0.9841755798687951
2026-05-25,2026-05-25 11:19:11,V042,91.0,1.104234136014205
2026-05-25,2026-05-25 11:19:12,V042,91.0,1.0803568474552259
2026-05-25,2026-05-25 11:19:13,V042,90.0,1.0214732846455783
2026-05-25,2026-05-25 11:19:14,V042,90.0,1.0377626343616824
2026-05-25,2026-05-25 11:19:15,V042,90.0,1.0331127725149867
2026-05-25,2026-05-25 11:19:16,V042,90.0,0.9973767104520392
2026-05-25,2026-05-25 11:19:17,V042,90.0,0.9980888941148612
2026-05-25,2026-05-25 11:19:18,V042,91.0,1.033561535985476
2026-05-25,2026-05-25 11:19:19,V042,91.0,0.9687031098527398
2026-05-25,2026-05-25 11:19:20,V042,91.0,1.4507969004540755
2026-05-25,2026-05-25 11:19:21,V042,91.0,1.0064517228276808
2026-05-25,2026-05-25 11:19:22,V042,91.0,1.0049127711574704
2026-05-25,2026-05-25 11:19:23,V042,91.0,1.006392851500942
2026-05-25,2026-05-25 11:19:24,V042,91.0,1.0060297691852471
2026-05-25,2026-05-25 11:19:25,V042,91.0,1.0075619848514712
2026-05-25,2026-05-25 11:19:26,V042,91.0,1.0057899306339946
2026-05-25,2026-05-25 11:19:27,V042,91.0,1.0077581529777626
2026-05-25,2026-05-25 11:19:28,V042,92.0,1.0065317372524187
2026-05-25,2026-05-25 11:19:29,V042,92.0,1.0062030770396027
2026-05-25,2026-05-25 11:19:30,V042,93.0,1.006431689038133
2026-05-25,2026-05-25 11:19:31,V042,93.0,1.0068771133820464
2026-05-25,2026-05-25 11:19:32,V042,94.0,1.0060434584015816
2026-05-25,2026-05-25 11:19:33,V042,94.0,1.0055870702104366
2026-05-25,2026-05-25 11:19:34,V042,95.0,1.0057280324710771
2026-05-25,2026-05-25 11:19:35,V042,96.0,1.0061225167509809
2026-05-25,2026-05-25 11:19:36,V042,97.0,1.0060359363922438
2026-05-25,2026-05-25 11:19:37,V042,97.0,1.0058177560071624
2026-05-25,2026-05-25 11:19:38,V042,97.0,1.0059130370147806
2026-05-25,2026-05-25 11:19:39,V042,98.0,1.0064770694310505
2026-05-25,2026-05-25 11:19:40,V042,98.0,1.0068148677430842
2026-05-25,2026-05-25 11:19:41,V042,97.0,1.0061476297458707
2026-05-25,2026-05-25 11:19:42,V042,97.0,1.005647308536679
2026-05-25,2026-05-25 11:19:43,V042,97.0,1.007864183362561
2026-05-25,2026-05-25 11:19:44,V042,97.0,1.006156786576117
2026-05-25,2026-05-25 11:19:45,V042,97.0,1.0064296102432726
2026-05-25,2026-05-25 11:19:46,V042,97.0,1.0065010159027301
2026-05-25,2026-05-25 11:19:47,V042,97.0,1.0067938775261969
2026-05-25,2026-05-25 11:19:48,V042,97.0,1.007662653347748
2026-05-25,2026-05-25 11:19:49,V042,97.0,1.0057684493546233
2026-05-25,2026-05-25 11:19:50,V042,97.0,1.0056141322963343
2026-05-25,2026-05-25 11:19:51,V042,97.0,1.0055740458194504
2026-05-25,2026-05-25 11:19:52,V042,97.0,1.0061526129998688
2026-05-25,2026-05-25 11:19:53,V042,97.0,1.0058321533618075
2026-05-25,2026-05-25 11:19:54,V042,97.0,1.006661255958742
2026-05-25,2026-05-25 11:19:55,V042,97.0,1.0061906417181443
2026-05-25,2026-05-25 11:19:56,V042,97.0,1.0062591692460319
2026-05-25,2026-05-25 11:19:57,V042,98.0,1.0067921929572214
2026-05-25,2026-05-25 11:19:58,V042,98.0,1.0044280989354637
2026-05-25,2026-05-25 11:19:59,V042,98.0,1.0056957174549699
2026-05-25,2026-05-25 11:20:00,V042,99.0,1.0067479187675015
2026-05-25,2026-05-25 11:20:01,V042,99.0,1.005004155930096
2026-05-25,2026-05-25 11:20:02,V042,100.0,1.0069431394141413
2026-05-25,2026-05-25 11:20:03,V042,100.0,1.006858550683402
2026-05-25,2026-05-25 11:20:04,V042,99.0,1.0075925451455714
2026-05-25,2026-05-25 11:20:05,V042,99.0,1.005888792836734
2026-05-25,2026-05-25 11:20:06,V042,99.0,1.007587170856505
2026-05-25,2026-05-25 11:20:07,V042,99.0,1.0057511460662767
2026-05-25,2026-05-25 11:20:08,V042,99.0,1.0065717400020833
2026-05-25,2026-05-25 11:20:09,V042,99.0,1.0064631011008547
2026-05-25,2026-05-25 11:20:10,V042,99.0,1.006044357363876
2026-05-25,2026-05-25 11:20:11,V042,99.0,1.005775750130204
2026-05-25,2026-05-25 11:20:12,V042,99.0,1.0065710496401026
2026-05-25,2026-05-25 11:20:13,V042,99.0,1.006576380232763
2026-05-25,2026-05-25 11:20:14,V042,99.0,1.0058639788540926
2026-05-25,2026-05-25 11:20:15,V042,98.0,1.007028432900275
2026-05-25,2026-05-25 11:20:16,V042,98.0,1.006374041782409
2026-05-25,2026-05-25 11:20:17,V042,98.0,1.0060735878614575
2026-05-25,2026-05-25 11:20:18,V042,98.0,1.006475215804443
2026-05-25,2026-05-25 11:20:19,V042,98.0,1.0050886491975624
2026-05-25,2026-05-25 11:20:20,V042,98.0,1.0068760003876183
2026-05-25,2026-05-25 11:20:21,V042,98.0,1.0035652975936376
2026-05-25,2026-05-25 11:20:22,V042,98.0,1.0062081346601757
2026-05-25,2026-05-25 11:20:23,V042,97.0,1.005816039487559
2026-05-25,2026-05-25 11:20:24,V042,97.0,1.0051100412404996
2026-05-25,2026-05-25 11:20:25,V042,97.0,1.007615948750399
2026-05-25,2026-05-25 11:20:26,V042,97.0,1.0066956931186442
2026-05-25,2026-05-25 11:20:27,V042,97.0,1.0057083990499012
2026-05-25,2026-05-25 11:20:28,V042,97.0,1.006305006022644
2026-05-25,2026-05-25 11:20:29,V042,97.0,1.0048890619092261
2026-05-25,2026-05-25 11:20:30,V042,97.0,1.00643538321171
2026-05-25,2026-05-25 11:20:31,V042,96.0,1.0066549596037413
2026-05-25,2026-05-25 11:20:32,V042,96.0,1.005648028707801
2026-05-25,2026-05-25 11:20:33,V042,96.0,1.0076907668777892
2026-05-25,2026-05-25 11:20:34,V042,97.0,1.0063669094804535
2026-05-25,2026-05-25 11:20:35,V042,96.0,1.0067622832680276
2026-05-25,2026-05-25 11:20:36,V042,96.0,1.0068948058463194
2026-05-25,2026-05-25 11:20:37,V042,96.0,1.0060759198326745
2026-05-25,2026-05-25 11:20:38,V042,95.0,1.0069881473228315
2026-05-25,2026-05-25 11:20:39,V042,95.0,1.0062881624166702
2026-05-25,2026-05-25 11:20:40,V042,95.0,1.006826571624048
2026-05-25,2026-05-25 11:20:41,V042,94.0,1.0064862472068303
2026-05-25,2026-05-25 11:20:42,V042,94.0,1.005174560849667
2026-05-25,2026-05-25 11:20:43,V042,93.0,1.0064951516805045
2026-05-25,2026-05-25 11:20:44,V042,93.0,1.0066443684366684
2026-05-25,2026-05-25 11:20:45,V042,92.0,1.007541458161845
2026-05-25,2026-05-25 11:20:46,V042,92.0,1.0059507555357317
2026-05-25,2026-05-25 11:20:47,V042,91.0,1.0063157969229524
2026-05-25,2026-05-25 11:20:48,V042,91.0,1.0063342267770825
2026-05-25,2026-05-25 11:20:49,V042,91.0,0.8330783764155557
2026-05-25,2026-05-25 11:20:50,V042,91.0,1.0070538352371678
2026-05-25,2026-05-25 11:20:51,V042,91.0,1.0073032067852734
2026-05-25,2026-05-25 11:20:52,V042,91.0,1.0071847858682406
2026-05-25,2026-05-25 11:20:53,V042,91.0,1.006438578811421
2026-05-25,2026-05-25 11:20:54,V042,91.0,1.006610727371125
2026-05-25,2026-05-25 11:20:55,V042,91.0,1.0061972345941657
2026-05-25,2026-05-25 11:20:56,V042,91.0,1.0070689490390394
2026-05-25,2026-05-25 11:20:57,V042,91.0,1.0071747803956121
2026-05-25,2026-05-25 11:20:58,V042,91.0,1.0067361165654258
2026-05-25,2026-05-25 11:20:59,V042,90.0,1.007178538642389
2026-05-25,2026-05-25 11:21:00,V042,90.0,1.0062981265274735
2026-05-25,2026-05-25 11:21:01,V042,90.0,1.0067837928003842
2026-05-25,2026-05-25 11:21:02,V042,91.0,1.006678593701322
2026-05-25,2026-05-25 11:21:03,V042,92.0,1.006723063952564
2026-05-25,2026-05-25 11:21:04,V042,92.0,1.0069884231698076
2026-05-25,2026-05-25 11:21:05,V042,93.0,1.0061404768137074
2026-05-25,2026-05-25 11:21:06,V042,93.0,1.0064134125658117
2026-05-25,2026-05-25 11:21:07,V042,93.0,1.0067972146853383
2026-05-25,2026-05-25 11:21:08,V042,94.0,1.0065471623996898
2026-05-25,2026-05-25 11:21:09,V042,94.0,1.0064436921724313
2026-05-25,2026-05-25 11:21:10,V042,94.0,1.0067078742871667
2026-05-25,2026-05-25 11:21:11,V042,93.0,1.1031001594357204
2026-05-25,2026-05-25 11:21:12,V042,93.0,0.9971436009526656
2026-05-25,2026-05-25 11:21:13,V042,93.0,1.007178316234784
2026-05-25,2026-05-25 11:21:14,V042,92.0,1.006098386223645
2026-05-25,2026-05-25 11:21:15,V042,92.0,1.0070213682091063
2026-05-25,2026-05-25 11:21:16,V042,92.0,1.0067366300840268
2026-05-25,2026-05-25 11:21:17,V042,91.0,1.006264146763609
2026-05-25,2026-05-25 11:21:18,V042,90.0,1.0066492151580764
2026-05-25,2026-05-25 11:21:19,V042,90.0,1.0061779545856966
2026-05-25,2026-05-25 11:21:20,V042,90.0,1.0067783091819071
2026-05-25,2026-05-25 11:21:21,V042,90.0,1.006285452523719
2026-05-25,2026-05-25 11:21:22,V042,91.0,1.0070090056298313
2026-05-25,2026-05-25 11:21:23,V042,90.0,1.0060618795421525
2026-05-25,2026-05-25 11:21:24,V042,90.0,1.006176215190219
2026-05-25,2026-05-25 11:21:25,V042,90.0,1.0063984335828582
2026-05-25,2026-05-25 11:21:26,V042,89.0,1.0062734468560348
2026-05-25,2026-05-25 11:21:27,V042,89.0,1.0069600725944856
2026-05-25,2026-05-25 11:21:28,V042,89.0,1.0065885733713997
2026-05-25,2026-05-25 11:21:29,V042,89.0,1.0064286321551172
2026-05-25,2026-05-25 11:21:30,V042,88.0,1.0059198753549663
2026-05-25,2026-05-25 11:21:31,V042,88.0,1.0068698451579086
2026-05-25,2026-05-25 11:21:32,V042,88.0,0.9557494834876615
2026-05-25,2026-05-25 11:21:33,V042,88.0,1.0742552792839937
2026-05-25,2026-05-25 11:21:34,V042,88.0,0.9744212027871318
2026-05-25,2026-05-25 11:21:35,V042,87.0,1.0524200910393788
2026-05-25,2026-05-25 11:21:36,V042,87.0,1.0098044659024845
2026-05-25,2026-05-25 11:21:37,V042,87.0,1.0077787415046404
2026-05-25,2026-05-25 11:21:38,V042,87.0,1.0141222310035138
2026-05-25,2026-05-25 11:21:39,V042,87.0,0.9997528110725099
2026-05-25,2026-05-25 11:21:40,V042,86.0,1.0317147745782442
2026-05-25,2026-05-25 11:21:41,V042,86.0,1.0523096581316906
2026-05-25,2026-05-25 11:21:42,V042,86.0,1.1188346409612053
2026-05-25,2026-05-25 11:21:43,V042,86.0,0.9945690376220641
2026-05-25,2026-05-25 11:21:44,V042,86.0,1.0095670768020526
2026-05-25,2026-05-25 11:21:45,V042,86.0,1.0096332644306218
2026-05-25,2026-05-25 11:21:46,V042,85.0,1.027008008445937
2026-05-25,2026-05-25 11:21:47,V042,85.0,1.055034194031754
2026-05-25,2026-05-25 11:21:48,V042,85.0,1.0329564664166915
2026-05-25,2026-05-25 11:21:49,V042,85.0,1.0010027356714648
2026-05-25,2026-05-25 11:21:50,V042,86.0,1.034120321106414
2026-05-25,2026-05-25 11:21:51,V042,86.0,1.044987060621574
2026-05-25,2026-05-25 11:21:52,V042,86.0,1.0398421879263535
2026-05-25,2026-05-25 11:21:53,V042,85.0,1.056324006858308
2026-05-25,2026-05-25 11:21:54,V042,85.0,0.9620331396228734
2026-05-25,2026-05-25 11:21:55,V042,85.0,1.0663467755791407
2026-05-25,2026-05-25 11:21:56,V042,84.0,1.0546683885311545
2026-05-25,2026-05-25 11:21:57,V042,84.0,1.0165499357320025
2026-05-25,2026-05-25 11:21:58,V042,84.0,1.041439229967895
2026-05-25,2026-05-25 11:21:59,V042,84.0,1.012677580176673
2026-05-25,2026-05-25 11:22:00,V042,84.0,0.9724838081668845
2026-05-25,2026-05-25 11:22:01,V042,84.0,0.9696839110757962
2026-05-25,2026-05-25 11:22:02,V042,84.0,1.0209457836959335
2026-05-25,2026-05-25 11:22:03,V042,85.0,1.0395482299945074
2026-05-25,2026-05-25 11:22:04,V042,85.0,0.9965776628941616
2026-05-25,2026-05-25 11:22:05,V042,85.0,0.9912489545736337
2026-05-25,2026-05-25 11:22:06,V042,86.0,1.0447310710515314
2026-05-25,2026-05-25 11:22:07,V042,86.0,1.028646560205469
2026-05-25,2026-05-25 11:22:08,V042,86.0,1.0511677043774328
2026-05-25,2026-05-25 11:22:09,V042,87.0,0.982547663252221
2026-05-25,2026-05-25 11:22:10,V042,88.0,1.023585949210482
2026-05-25,2026-05-25 11:22:11,V042,88.0,1.020765711465405
2026-05-25,2026-05-25 11:22:12,V042,88.0,1.0234351921430191
2026-05-25,2026-05-25 11:22:13,V042,88.0,1.0210918285284243
2026-05-25,2026-05-25 11:22:14,V042,88.0,0.9937831594159262
2026-05-25,2026-05-25 11:22:15,V042,88.0,1.0162821081928317
2026-05-25,2026-05-25 11:22:16,V042,88.0,1.0532548997460636
2026-05-25,2026-05-25 11:22:17,V042,88.0,1.0380889080711855
2026-05-25,2026-05-25 11:22:18,V042,88.0,0.9790828754133181
2026-05-25,2026-05-25 11:22:19,V042,88.0,0.9742945972240101
2026-05-25,2026-05-25 11:22:20,V042,88.0,0.9970721359099106
2026-05-25,2026-05-25 11:22:21,V042,87.0,1.073918860466834
2026-05-25,2026-05-25 11:22:22,V042,87.0,1.0016905710438564
2026-05-25,2026-05-25 11:22:23,V042,87.0,1.01211300531692
2026-05-25,2026-05-25 11:22:24,V042,87.0,0.9593873593229351
2026-05-25,2026-05-25 11:22:25,V042,87.0,1.050820564129706
2026-05-25,2026-05-25 11:22:26,V042,88.0,1.0194037956933013
2026-05-25,2026-05-25 11:22:27,V042,88.0,1.0230543284939788
2026-05-25,2026-05-25 11:22:28,V042,88.0,1.0131533431167201
2026-05-25,2026-05-25 11:22:29,V042,88.0,1.0371364730831176
2026-05-25,2026-05-25 11:22:30,V042,88.0,1.0111613345856056
2026-05-25,2026-05-25 11:22:31,V042,88.0,1.024398611634585
2026-05-25,2026-05-25 11:22:32,V042,88.0,0.9753473092830908
2026-05-25,2026-05-25 11:22:33,V042,88.0,1.0107335823361883
2026-05-25,2026-05-25 11:22:34,V042,88.0,1.054389118035716
2026-05-25,2026-05-25 11:22:35,V042,88.0,0.985568768110759
2026-05-25,2026-05-25 11:22:36,V042,88.0,0.9483453014777781
2026-05-25,2026-05-25 11:22:37,V042,88.0,1.0679500942009499
2026-05-25,2026-05-25 11:22:38,V042,88.0,1.1168385620390149
2026-05-25,2026-05-25 11:22:39,V042,88.0,1.0194960933092472
2026-05-25,2026-05-25 11:22:40,V042,88.0,0.97793456567007
2026-05-25,2026-05-25 11:22:41,V042,89.0,0.987133995736841
2026-05-25,2026-05-25 11:22:42,V042,89.0,1.045790279245633
2026-05-25,2026-05-25 11:22:43,V042,89.0,0.9842454646347798
2026-05-25,2026-05-25 11:22:44,V042,89.0,1.0610221674752474
2026-05-25,2026-05-25 11:22:45,V042,89.0,1.0456144055074115
2026-05-25,2026-05-25 11:22:46,V042,90.0,1.0603628421976783
2026-05-25,2026-05-25 11:22:47,V042,90.0,1.0122070430176404
2026-05-25,2026-05-25 11:22:48,V042,90.0,1.0118715018831554
2026-05-25,2026-05-25 11:22:49,V042,91.0,1.0289870166982331
2026-05-25,2026-05-25 11:22:50,V042,92.0,1.0921102244229712
2026-05-25,2026-05-25 11:22:51,V042,92.0,1.0720065095258096
2026-05-25,2026-05-25 11:22:52,V042,93.0,1.0593697645226452
2026-05-25,2026-05-25 11:22:53,V042,93.0,0.9403912290386388
2026-05-25,2026-05-25 11:22:54,V042,93.0,1.0451877932788414
2026-05-25,2026-05-25 11:22:55,V042,93.0,1.0673861672253087
2026-05-25,2026-05-25 11:22:56,V042,94.0,1.03337697257554
2026-05-25,2026-05-25 11:22:57,V042,94.0,0.959398956682755
2026-05-25,2026-05-25 11:22:58,V042,95.0,1.1169223116166846
2026-05-25,2026-05-25 11:22:59,V042,95.0,1.0528048217707386
2026-05-25,2026-05-25 11:23:00,V042,95.0,1.0040046581189792
2026-05-25,2026-05-25 11:23:01,V042,95.0,1.0158077269681332
2026-05-25,2026-05-25 11:23:02,V042,95.0,1.0835370138496527
2026-05-25,2026-05-25 11:23:03,V042,96.0,0.9985084531319077
2026-05-25,2026-05-25 11:23:04,V042,96.0,0.9995389322929309
2026-05-25,2026-05-25 11:23:05,V042,96.0,1.1348495740527322
2026-05-25,2026-05-25 11:23:06,V042,96.0,1.0325838803810388
2026-05-25,2026-05-25 11:23:07,V042,97.0,1.010555382416029
2026-05-25,2026-05-25 11:23:08,V042,97.0,1.0501692214114782
2026-05-25,2026-05-25 11:23:09,V042,97.0,1.0077855402186149
2026-05-25,2026-05-25 11:23:10,V042,98.0,0.9792923406755311
2026-05-25,2026-05-25 11:23:11,V042,99.0,1.0727472190554674
2026-05-25,2026-05-25 11:23:12,V042,100.0,1.075311770288854
2026-05-25,2026-05-25 11:23:13,V042,101.0,1.0109534065118488
2026-05-25,2026-05-25 11:23:14,V042,102.0,1.0094651437646938
2026-05-25,2026-05-25 11:23:15,V042,103.0,1.041768013274298
2026-05-25,2026-05-25 11:23:16,V042,103.0,0.9813329462384465
2026-05-25,2026-05-25 11:23:17,V042,104.0,1.058532475712011
2026-05-25,2026-05-25 11:23:18,V042,104.0,1.0187904826474372
2026-05-25,2026-05-25 11:23:19,V042,104.0,1.004268982892945
2026-05-25,2026-05-25 11:23:20,V042,104.0,0.9828520262761473
2026-05-25,2026-05-25 11:23:21,V042,105.0,0.9889765490735863
2026-05-25,2026-05-25 11:23:22,V042,105.0,1.0192997801141004
2026-05-25,2026-05-25 11:23:23,V042,105.0,1.0259878879123607
2026-05-25,2026-05-25 11:23:24,V042,105.0,1.0029650722265624
2026-05-25,2026-05-25 11:23:25,V042,104.0,1.077676986926612
2026-05-25,2026-05-25 11:23:26,V042,104.0,1.0795986271572846
2026-05-25,2026-05-25 11:23:27,V042,104.0,0.980511405908423
2026-05-25,2026-05-25 11:23:28,V042,104.0,1.02098909446559
2026-05-25,2026-05-25 11:23:29,V042,104.0,0.9168674082124515
2026-05-25,2026-05-25 11:23:30,V042,104.0,1.082258654051426
2026-05-25,2026-05-25 11:23:31,V042,104.0,1.0151549734189247
2026-05-25,2026-05-25 11:23:32,V042,104.0,1.0414231066434687
2026-05-25,2026-05-25 11:23:33,V042,104.0,1.034237667173627
2026-05-25,2026-05-25 11:23:34,V042,104.0,1.0262578434322418
2026-05-25,2026-05-25 11:23:35,V042,104.0,0.975463785508235
2026-05-25,2026-05-25 11:23:36,V042,104.0,1.0012630521896402
2026-05-25,2026-05-25 11:23:37,V042,104.0,1.0349312877472658
2026-05-25,2026-05-25 11:23:38,V042,104.0,1.0211763475858806
2026-05-25,2026-05-25 11:23:39,V042,104.0,0.9891334399784855
2026-05-25,2026-05-25 11:23:40,V042,104.0,1.0183316406798373
2026-05-25,2026-05-25 11:23:41,V042,104.0,1.0813437499815721
2026-05-25,2026-05-25 11:23:42,V042,104.0,1.3364691747068624
2026-05-25,2026-05-25 11:23:43,V042,104.0,1.0492899300375953
2026-05-25,2026-05-25 11:23:44,V042,104.0,1.0060314449835022
2026-05-25,2026-05-25 11:23:45,V042,104.0,1.0766648748081473
2026-05-25,2026-05-25 11:23:46,V042,104.0,1.0454910031669142
2026-05-25,2026-05-25 11:23:47,V042,,1.0545457174082389
2026-05-25,2026-05-25 11:23:48,V042,,1.0683434859698806
2026-05-25,2026-05-25 11:23:49,V042,,1.1403572528904196
2026-05-25,2026-05-25 11:23:50,V042,,0.9992795181836291
2026-05-25,2026-05-25 11:23:51,V042,,0.9794787481280529
2026-05-25,2026-05-25 11:23:52,V042,,1.0538359694580368
2026-05-25,2026-05-25 11:23:53,V042,,1.0367270988784703
2026-05-25,2026-05-25 11:23:54,V042,,1.0603734153814042
2026-05-25,2026-05-25 11:23:55,V042,,1.0683188924340048
2026-05-25,2026-05-25 11:23:56,V042,,1.0700061501132576
2026-05-25,2026-05-25 11:23:57,V042,,1.0662488108308987
2026-05-25,2026-05-25 11:23:58,V042,,1.0678167132278815
2026-05-25,2026-05-25 11:23:59,V042,,1.0231481411549534
2026-05-25,2026-05-25 11:24:00,V042,,1.0025047503445546
2026-05-25,2026-05-25 11:24:01,V042,,1.124573033134537
2026-05-25,2026-05-25 11:24:02,V042,,1.0286405123530706
2026-05-25,2026-05-25 11:24:03,V042,,1.1279237169561693
2026-05-25,2026-05-25 11:24:04,V042,,1.043303209876855
2026-05-25,2026-05-25 11:24:05,V042,,1.009138528718377
2026-05-25,2026-05-25 11:24:06,V042,,0.9856165748969781
2026-05-25,2026-05-25 11:24:07,V042,,1.1011809997243596
2026-05-25,2026-05-25 11:24:08,V042,,0.9796558808713078
2026-05-25,2026-05-25 11:24:09,V042,,1.0774030306133315
2026-05-25,2026-05-25 11:24:10,V042,,1.0422293680845778
2026-05-25,2026-05-25 11:24:11,V042,,1.1042120613772224
2026-05-25,2026-05-25 11:24:12,V042,,1.0689407973208733
2026-05-25,2026-05-25 11:24:13,V042,,1.0751769222029293
2026-05-25,2026-05-25 11:24:14,V042,,1.0717563082814887
2026-05-25,2026-05-25 11:24:15,V042,,1.1145373946956614
2026-05-25,2026-05-25 11:24:16,V042,,1.0530114238065595
2026-05-25,2026-05-25 11:24:17,V042,,1.1533205058868032
2026-05-25,2026-05-25 11:24:18,V042,,1.1464478848125423
2026-05-25,2026-05-25 11:24:19,V042,,1.0439703292345808
2026-05-25,2026-05-25 11:24:20,V042,,1.0796056284676847
2026-05-25,2026-05-25 11:24:21,V042,,1.066296977344577
2026-05-25,2026-05-25 11:24:22,V042,,1.092165970789019
2026-05-25,2026-05-25 11:24:23,V042,,1.0639619405413492
2026-05-25,2026-05-25 11:24:24,V042,,1.0299014733627567
2026-05-25,2026-05-25 11:24:25,V042,,1.1969189714681678
2026-05-25,2026-05-25 11:24:26,V042,,1.0891631983728751
2026-05-25,2026-05-25 11:24:27,V042,,1.026211598873274
2026-05-25,2026-05-25 11:24:28,V042,,1.057964228071234
2026-05-25,2026-05-25 11:24:29,V042,,1.0224009300131367
2026-05-25,2026-05-25 11:24:30,V042,,1.0584912292756266
2026-05-25,2026-05-25 11:24:31,V042,,1.0408233748415947
2026-05-25,2026-05-25 11:24:32,V042,,1.0511176293268503
2026-05-25,2026-05-25 11:24:33,V042,,1.1246868278415298
2026-05-25,2026-05-25 11:24:34,V042,,1.1059479491161992
2026-05-25,2026-05-25 11:24:35,V042,,1.071634523516336
2026-05-25,2026-05-25 11:24:36,V042,,1.1282024229679355
2026-05-25,2026-05-25 11:24:37,V042,,1.1017346755072461
2026-05-25,2026-05-25 11:24:38,V042,,1.2470111470189065
2026-05-25,2026-05-25 11:24:39,V042,,1.1385920047249853
2026-05-25,2026-05-25 11:24:40,V042,,1.0991770176278512
2026-05-25,2026-05-25 11:24:41,V042,,1.1118078887382503
2026-05-25,2026-05-25 11:24:42,V042,,0.9662980471092047
2026-05-25,2026-05-25 11:24:43,V042,,1.0045659828617146
2026-05-25,2026-05-25 11:24:44,V042,,1.034764112683117
2026-05-25,2026-05-25 11:24:45,V042,,1.0918706619627898
2026-05-25,2026-05-25 11:24:46,V042,,1.06193011505017
2026-05-25,2026-05-25 11:24:47,V042,,0.9527829731754451
2026-05-25,2026-05-25 11:24:48,V042,,1.0395740602582977
2026-05-25,2026-05-25 11:24:49,V042,,1.0513358466752032
2026-05-25,2026-05-25 11:24:50,V042,,1.0202783156085757
2026-05-25,2026-05-25 11:24:51,V042,,1.0486350796568364
2026-05-25,2026-05-25 11:24:52,V042,,1.0534226351607665
2026-05-25,2026-05-25 11:24:53,V042,,1.002868654358911
2026-05-25,2026-05-25 11:24:54,V042,,1.0256570660954731
2026-05-25,2026-05-25 11:24:55,V042,104.0,0.9904038517548329
2026-05-25,2026-05-25 11:24:56,V042,104.0,1.0193248085793385
2026-05-25,2026-05-25 11:24:57,V042,105.0,1.005556780240269
2026-05-25,2026-05-25 11:24:58,V042,106.0,1.0061508262317171
2026-05-25,2026-05-25 11:24:59,V042,108.0,1.0064681849191548
2026-05-25,2026-05-25 11:25:00,V042,108.0,1.0061285428298428
2026-05-25,2026-05-25 11:25:01,V042,108.0,1.006794016397591
2026-05-25,2026-05-25 11:25:02,V042,108.0,1.0060357924116712
2026-05-25,2026-05-25 11:25:03,V042,108.0,1.0062958031127576
2026-05-25,2026-05-25 11:25:04,V042,108.0,1.0062729197582336
2026-05-25,2026-05-25 11:25:05,V042,108.0,1.0062982482527518
2026-05-25,2026-05-25 11:25:06,V042,108.0,1.0061947251782497
2026-05-25,2026-05-25 11:25:07,V042,108.0,1.0058916483450433
2026-05-25,2026-05-25 11:25:08,V042,108.0,1.006395994943796
2026-05-25,2026-05-25 11:25:09,V042,107.0,1.0059591464817141
2026-05-25,2026-05-25 11:25:10,V042,106.0,1.0068002907187168
2026-05-25,2026-05-25 11:25:11,V042,,1.005844503896041
2026-05-25,2026-05-25 11:25:12,V042,,1.0068597808071418
2026-05-25,2026-05-25 11:25:13,V042,,1.0062690332603017
2026-05-25,2026-05-25 11:25:14,V042,,1.0045394626286974
2026-05-25,2026-05-25 11:25:15,V042,,1.0082677165851073
2026-05-25,2026-05-25 11:25:16,V042,,1.0062593649015779
2026-05-25,2026-05-25 11:25:17,V042,,1.0059669152451276
2026-05-25,2026-05-25 11:25:18,V042,,1.0064997322510092
2026-05-25,2026-05-25 11:25:19,V042,,1.0070533669403936
2026-05-25,2026-05-25 11:25:20,V042,,1.0065899928684612
2026-05-25,2026-05-25 11:25:21,V042,,1.0063736282488154
2026-05-25,2026-05-25 11:25:22,V042,,1.0053488743135102
2026-05-25,2026-05-25 11:25:23,V042,,1.006170912580544
2026-05-25,2026-05-25 11:25:24,V042,,1.0047658911015598
2026-05-25,2026-05-25 11:25:25,V042,105.0,1.0068344305085677
2026-05-25,2026-05-25 11:25:26,V042,104.0,1.0073141677900852
2026-05-25,2026-05-25 11:25:27,V042,104.0,1.0070613448877912
2026-05-25,2026-05-25 11:25:28,V042,104.0,1.0066001987350364
2026-05-25,2026-05-25 11:25:29,V042,103.0,1.0064045181358459
2026-05-25,2026-05-25 11:25:30,V042,102.0,1.0068713831720844
2026-05-25,2026-05-25 11:25:31,V042,102.0,1.0069719447802397
2026-05-25,2026-05-25 11:25:32,V042,102.0,1.006761249402645
2026-05-25,2026-05-25 11:25:33,V042,102.0,1.0062691978314384
2026-05-25,2026-05-25 11:25:34,V042,101.0,1.0067607193790489
2026-05-25,2026-05-25 11:25:35,V042,101.0,1.0062387443057954
2026-05-25,2026-05-25 11:25:36,V042,101.0,1.0069943989060892
2026-05-25,2026-05-25 11:25:37,V042,101.0,1.0063128127278305
2026-05-25,2026-05-25 11:25:38,V042,101.0,1.0062884796027132
2026-05-25,2026-05-25 11:25:39,V042,101.0,1.007006077881096
2026-05-25,2026-05-25 11:25:40,V042,101.0,1.0071626691925668
2026-05-25,2026-05-25 11:25:41,V042,101.0,1.0065873118505666
2026-05-25,2026-05-25 11:25:42,V042,101.0,1.0065934444968805
2026-05-25,2026-05-25 11:25:43,V042,101.0,1.006455316173931
2026-05-25,2026-05-25 11:25:44,V042,101.0,1.006559157583316
2026-05-25,2026-05-25 11:25:45,V042,101.0,1.006417688613526
2026-05-25,2026-05-25 11:25:46,V042,101.0,1.0071833060456437
2026-05-25,2026-05-25 11:25:47,V042,,1.0067219988576208
2026-05-25,2026-05-25 11:25:48,V042,,1.0068158175691468
2026-05-25,2026-05-25 11:25:49,V042,,1.0071428502974848
2026-05-25,2026-05-25 11:25:50,V042,,1.0070218928852042
2026-05-25,2026-05-25 11:25:51,V042,,1.0073092989748755
2026-05-25,2026-05-25 11:25:52,V042,,1.0070262049504703
2026-05-25,2026-05-25 11:25:53,V042,,1.0066919758394859
2026-05-25,2026-05-25 11:25:54,V042,,1.007008385066852
2026-05-25,2026-05-25 11:25:55,V042,,1.007660607677736
2026-05-25,2026-05-25 11:25:56,V042,,1.0062473981672753
2026-05-25,2026-05-25 11:25:57,V042,,1.006893867686651
2026-05-25,2026-05-25 11:25:58,V042,,1.0069676789630404
2026-05-25,2026-05-25 11:25:59,V042,,1.0070015927160492
2026-05-25,2026-05-25 11:26:00,V042,,1.0066747637057063
2026-05-25,2026-05-25 11:26:01,V042,,1.0062672508760033
2026-05-25,2026-05-25 11:26:02,V042,,1.006355413166544
2026-05-25,2026-05-25 11:26:03,V042,,1.0064032263772473
2026-05-25,2026-05-25 11:26:04,V042,,1.0069057239564012
2026-05-25,2026-05-25 11:26:05,V042,,1.0070585671663497
2026-05-25,2026-05-25 11:26:06,V042,,1.0069358495240919
2026-05-25,2026-05-25 11:26:07,V042,,1.0068081556338273
2026-05-25,2026-05-25 11:26:08,V042,,1.0067364249690423
2026-05-25,2026-05-25 11:26:09,V042,,1.006099207578537
2026-05-25,2026-05-25 11:26:10,V042,,1.0069333203377733
2026-05-25,2026-05-25 11:26:11,V042,,1.0063477770412055
2026-05-25,2026-05-25 11:26:12,V042,,1.0064422614935562
2026-05-25,2026-05-25 11:26:13,V042,,1.0069997673409965
2026-05-25,2026-05-25 11:26:14,V042,,1.0068871467773781
2026-05-25,2026-05-25 11:26:15,V042,,1.0068296012036417
2026-05-25,2026-05-25 11:26:16,V042,,1.0063273941319968
2026-05-25,2026-05-25 11:26:17,V042,,1.006663449162469
2026-05-25,2026-05-25 11:26:18,V042,,1.0072572255208445
2026-05-25,2026-05-25 11:26:19,V042,,1.0071535301482502
2026-05-25,2026-05-25 11:26:20,V042,,1.0068338055711314
2026-05-25,2026-05-25 11:26:21,V042,,1.006720032850938
2026-05-25,2026-05-25 11:26:22,V042,,1.0071566288862412
2026-05-25,2026-05-25 11:26:23,V042,,1.0072924753064996
2026-05-25,2026-05-25 11:26:24,V042,,1.0070036011433432
2026-05-25,2026-05-25 11:26:25,V042,,1.0071669405172459
2026-05-25,2026-05-25 11:26:26,V042,,1.006409188493166
2026-05-25,2026-05-25 11:26:27,V042,,1.006608362502352
2026-05-25,2026-05-25 11:26:28,V042,,1.0065863116130895
2026-05-25,2026-05-25 11:26:29,V042,,1.0070665062617192
2026-05-25,2026-05-25 11:26:30,V042,,1.00640900626616
2026-05-25,2026-05-25 11:26:31,V042,,1.0073591488051188
2026-05-25,2026-05-25 11:26:32,V042,,1.0073793007210992
2026-05-25,2026-05-25 11:26:33,V042,,1.0064108024588077
2026-05-25,2026-05-25 11:26:34,V042,,1.0069827828761586
2026-05-25,2026-05-25 11:26:35,V042,,1.0067576983556257
2026-05-25,2026-05-25 11:26:36,V042,,1.0070966170191378
2026-05-25,2026-05-25 11:26:37,V042,,1.0066439387826156
2026-05-25,2026-05-25 11:26:38,V042,,1.0063275061077295
2026-05-25,2026-05-25 11:26:39,V042,,1.0076156732792292
2026-05-25,2026-05-25 11:26:40,V042,,1.0068840184183354
2026-05-25,2026-05-25 11:26:41,V042,,1.0062212250571185
2026-05-25,2026-05-25 11:26:42,V042,,1.006450270202949
2026-05-25,2026-05-25 11:26:43,V042,,1.0062573361997669
2026-05-25,2026-05-25 11:26:44,V042,,1.0067547971599045
2026-05-25,2026-05-25 11:26:45,V042,,1.006547241587121
2026-05-25,2026-05-25 11:26:46,V042,,1.006676075182003
2026-05-25,2026-05-25 11:26:47,V042,,1.0061225004746115
2026-05-25,2026-05-25 11:26:48,V042,,1.005759179148634
2026-05-25,2026-05-25 11:26:49,V042,,1.0064363514586787
2026-05-25,2026-05-25 11:26:50,V042,,1.006274898172053
2026-05-25,2026-05-25 11:26:51,V042,,1.0066818749426603
2026-05-25,2026-05-25 11:26:52,V042,,1.0064076804623245
2026-05-25,2026-05-25 11:26:53,V042,,1.0064066495375499
2026-05-25,2026-05-25 11:26:54,V042,,1.0074090747994064
2026-05-25,2026-05-25 11:26:55,V042,,1.0064237174990478
2026-05-25,2026-05-25 11:26:56,V042,,1.0071434508619077
2026-05-25,2026-05-25 11:26:57,V042,,1.0069885256756128
2026-05-25,2026-05-25 11:26:58,V042,,1.0063683706257756
2026-05-25,2026-05-25 11:26:59,V042,,1.0069694489892347
2026-05-25,2026-05-25 11:27:00,V042,,1.0069003392242333
2026-05-25,2026-05-25 11:27:01,V042,,1.0064267310193953
2026-05-25,2026-05-25 11:27:02,V042,,1.006884284477299
2026-05-25,2026-05-25 11:27:03,V042,,1.006963441771228
2026-05-25,2026-05-25 11:27:04,V042,,1.0064600225845879
2026-05-25,2026-05-25 11:27:05,V042,,1.0061652757079553
2026-05-25,2026-05-25 11:27:06,V042,,1.0076916285948654
2026-05-25,2026-05-25 11:27:07,V042,,1.007216956814279
2026-05-25,2026-05-25 11:27:08,V042,,1.007307133798048
2026-05-25,2026-05-25 11:27:09,V042,,1.0069847594463561
2026-05-25,2026-05-25 11:27:10,V042,,1.0069675096773043
2026-05-25,2026-05-25 11:27:11,V042,,1.0060923747000776
2026-05-25,2026-05-25 11:27:12,V042,,1.0064689187013456
2026-05-25,2026-05-25 11:27:13,V042,,1.006888744685508
2026-05-25,2026-05-25 11:27:14,V042,,1.007248893526349
2026-05-25,2026-05-25 11:27:15,V042,,1.007083235801467
2026-05-25,2026-05-25 11:27:16,V042,,1.006672268952357
2026-05-25,2026-05-25 11:27:17,V042,,1.0073634074956712
2026-05-25,2026-05-25 11:27:18,V042,,1.0067703251444033
2026-05-25,2026-05-25 11:27:19,V042,,1.0071461435282063
2026-05-25,2026-05-25 11:27:20,V042,,1.0066645165416355
2026-05-25,2026-05-25 11:27:21,V042,,1.0067296388822562
2026-05-25,2026-05-25 11:27:22,V042,,1.006564720701
2026-05-25,2026-05-25 11:27:23,V042,,1.0068368432571917
2026-05-25,2026-05-25 11:27:24,V042,,1.0072938594943448
2026-05-25,2026-05-25 11:27:25,V042,,1.0069956487395686
2026-05-25,2026-05-25 11:27:26,V042,,1.0072180188083617
2026-05-25,2026-05-25 11:27:27,V042,,1.0070942703771448
2026-05-25,2026-05-25 11:27:28,V042,,1.0071870572448072
2026-05-25,2026-05-25 11:27:29,V042,,1.0067132033901491
2026-05-25,2026-05-25 11:27:30,V042,,1.0065728719418827
2026-05-25,2026-05-25 11:27:31,V042,,1.0065044569119865
2026-05-25,2026-05-25 11:27:32,V042,,1.0073395387985773
2026-05-25,2026-05-25 11:27:33,V042,,1.0067264994878822
2026-05-25,2026-05-25 11:27:34,V042,,1.0071396724168389
2026-05-25,2026-05-25 11:27:35,V042,,1.0069802173608273
2026-05-25,2026-05-25 11:27:36,V042,,1.006524190817307
2026-05-25,2026-05-25 11:27:37,V042,,1.006756383330036
2026-05-25,2026-05-25 11:27:38,V042,,1.0077371328896942
2026-05-25,2026-05-25 11:27:39,V042,,1.0071695126911129
2026-05-25,2026-05-25 11:27:40,V042,,1.0062405961422243
2026-05-25,2026-05-25 11:27:41,V042,,1.0080161521952793
2026-05-25,2026-05-25 11:27:42,V042,,1.0040476177182593
2026-05-25,2026-05-25 11:27:43,V042,,1.0056029163683256
2026-05-25,2026-05-25 11:27:44,V042,,1.0083104525928857
2026-05-25,2026-05-25 11:27:45,V042,,1.0128792178812944
2026-05-25,2026-05-25 11:27:46,V042,,1.0068115024975335
2026-05-25,2026-05-25 11:27:47,V042,,1.0117462839612459
2026-05-25,2026-05-25 11:27:48,V042,,1.003815259534522
2026-05-25,2026-05-25 11:27:49,V042,,1.0093731968276454
2026-05-25,2026-05-25 11:27:50,V042,,1.0044234967890113
2026-05-25,2026-05-25 11:27:51,V042,,1.0056795031735908
2026-05-25,2026-05-25 11:27:52,V042,,1.0067546010979924
2026-05-25,2026-05-25 11:27:53,V042,101.0,1.0076325989523351
2026-05-25,2026-05-25 11:27:54,V042,100.0,1.0119631254858725
2026-05-25,2026-05-25 11:27:55,V042,100.0,1.0085725349382604
2026-05-25,2026-05-25 11:27:56,V042,101.0,1.0100814688781616
2026-05-25,2026-05-25 11:27:57,V042,101.0,1.0064649110989887
2026-05-25,2026-05-25 11:27:58,V042,101.0,1.0049578226123514
2026-05-25,2026-05-25 11:27:59,V042,101.0,1.0092358045442114
2026-05-25,2026-05-25 11:28:00,V042,101.0,1.0055198444528761
2026-05-25,2026-05-25 11:28:01,V042,101.0,1.0079788102709746
2026-05-25,2026-05-25 11:28:02,V042,101.0,1.0107610285877466
2026-05-25,2026-05-25 11:28:03,V042,101.0,1.005636169022564
2026-05-25,2026-05-25 11:28:04,V042,101.0,1.008445631780783
2026-05-25,2026-05-25 11:28:05,V042,100.0,1.004671136832383
2026-05-25,2026-05-25 11:28:06,V042,100.0,1.0092034298543082
2026-05-25,2026-05-25 11:28:07,V042,100.0,1.0042431633656455
2026-05-25,2026-05-25 11:28:08,V042,100.0,1.0077474860664193
2026-05-25,2026-05-25 11:28:09,V042,101.0,1.0040777742383389
2026-05-25,2026-05-25 11:28:10,V042,101.0,1.0088930348103997
2026-05-25,2026-05-25 11:28:11,V042,101.0,1.0079963158874472
2026-05-25,2026-05-25 11:28:12,V042,100.0,1.0053920706885855
2026-05-25,2026-05-25 11:28:13,V042,,1.0101187511155814
2026-05-25,2026-05-25 11:28:14,V042,,1.0068933371279405
2026-05-25,2026-05-25 11:28:15,V042,,1.0103200994713952
2026-05-25,2026-05-25 11:28:16,V042,,1.005059260620391
2026-05-25,2026-05-25 11:28:17,V042,,1.0044479456064126
2026-05-25,2026-05-25 11:28:18,V042,,1.0042627319757025
2026-05-25,2026-05-25 11:28:19,V042,,1.0074093123770782
2026-05-25,2026-05-25 11:28:20,V042,,1.0071402107644234
2026-05-25,2026-05-25 11:28:21,V042,,1.0073318671522338
2026-05-25,2026-05-25 11:28:22,V042,,1.0069312206941805
2026-05-25,2026-05-25 11:28:23,V042,,1.0073313351662798
2026-05-25,2026-05-25 11:28:24,V042,,1.0079902778828664
2026-05-25,2026-05-25 11:28:25,V042,,1.0084604348955568
2026-05-25,2026-05-25 11:28:26,V042,,1.0095551845721582
2026-05-25,2026-05-25 11:28:27,V042,,1.0027857160638616
2026-05-25,2026-05-25 11:28:28,V042,,1.0109433898198226
2026-05-25,2026-05-25 11:28:29,V042,,1.0107973568664144
2026-05-25,2026-05-25 11:28:30,V042,,1.0090566694429453
2026-05-25,2026-05-25 11:28:31,V042,,1.0113307675515955
2026-05-25,2026-05-25 11:28:32,V042,,1.0090214533652573
2026-05-25,2026-05-25 11:28:33,V042,,1.0094553311043661
2026-05-25,2026-05-25 11:28:34,V042,,1.0089895271325342
2026-05-25,2026-05-25 11:28:35,V042,,1.0044214747209421
2026-05-25,2026-05-25 11:28:36,V042,,1.0092251210092424
2026-05-25,2026-05-25 11:28:37,V042,,1.0037084182359397
2026-05-25,2026-05-25 11:28:38,V042,,1.0049430098394252
2026-05-25,2026-05-25 11:28:39,V042,101.0,1.012672938381683
2026-05-25,2026-05-25 11:28:40,V042,101.0,1.0074035010460027
2026-05-25,2026-05-25 11:28:41,V042,101.0,1.0076928246903047
2026-05-25,2026-05-25 11:28:42,V042,101.0,1.0083423321098384
2026-05-25,2026-05-25 11:28:43,V042,,1.0057221825930425
2026-05-25,2026-05-25 11:28:44,V042,,1.0082103180483586
2026-05-25,2026-05-25 11:28:45,V042,,1.0053356496055503
2026-05-25,2026-05-25 11:28:46,V042,,1.0087792985686164
2026-05-25,2026-05-25 11:28:47,V042,,1.007900288446477
2026-05-25,2026-05-25 11:28:48,V042,,1.0075293305534772
2026-05-25,2026-05-25 11:28:49,V042,,1.0068014288148066
2026-05-25,2026-05-25 11:28:50,V042,,1.0070876232439236
2026-05-25,2026-05-25 11:28:51,V042,,1.0065189761880917
2026-05-25,2026-05-25 11:28:52,V042,,1.0080533229818787
2026-05-25,2026-05-25 11:28:53,V042,,1.0075092808816113
2026-05-25,2026-05-25 11:28:54,V042,,1.0055878377847274
2026-05-25,2026-05-25 11:28:55,V042,100.0,1.0062670490937482
2026-05-25,2026-05-25 11:28:56,V042,99.0,1.0102676099146768
2026-05-25,2026-05-25 11:28:57,V042,,1.005679944499442
2026-05-25,2026-05-25 11:28:58,V042,,1.0051802004311199
2026-05-25,2026-05-25 11:28:59,V042,,1.0115319518868493
2026-05-25,2026-05-25 11:29:00,V042,,1.0063205957553443
2026-05-25,2026-05-25 11:29:01,V042,,1.0091316402178132
2026-05-25,2026-05-25 11:29:02,V042,,1.004528617946979
2026-05-25,2026-05-25 11:29:03,V042,,1.002552218470449
2026-05-25,2026-05-25 11:29:04,V042,,1.0082694608304696
2026-05-25,2026-05-25 11:29:05,V042,,1.0062443953446034
2026-05-25,2026-05-25 11:29:06,V042,,1.0069949275304981
2026-05-25,2026-05-25 11:29:07,V042,,1.007370705647885
2026-05-25,2026-05-25 11:29:08,V042,,1.0081411332171937
2026-05-25,2026-05-25 11:29:09,V042,,1.0069987714577788
2026-05-25,2026-05-25 11:29:10,V042,,1.0054594963375858
2026-05-25,2026-05-25 11:29:11,V042,,1.005798936016507
2026-05-25,2026-05-25 11:29:12,V042,,1.006555381968962
2026-05-25,2026-05-25 11:29:13,V042,99.0,1.0071836780241878
2026-05-25,2026-05-25 11:29:14,V042,99.0,1.0058962688923219
2026-05-25,2026-05-25 11:29:15,V042,,1.0055804306254987
2026-05-25,2026-05-25 11:29:16,V042,,1.0063821139741043
2026-05-25,2026-05-25 11:29:17,V042,,1.0048398047279108
2026-05-25,2026-05-25 11:29:18,V042,,1.0037628429718906
2026-05-25,2026-05-25 11:29:19,V042,,1.0033308169472233
2026-05-25,2026-05-25 11:29:20,V042,,1.0052310400214737
2026-05-25,2026-05-25 11:29:21,V042,,0.9994320303027323
2026-05-25,2026-05-25 11:29:22,V042,,1.0032449518211632
2026-05-25,2026-05-25 11:29:23,V042,,1.0072192526568569
2026-05-25,2026-05-25 11:29:24,V042,,1.006852176989855
2026-05-25,2026-05-25 11:29:25,V042,,1.0052445418355511
2026-05-25,2026-05-25 11:29:26,V042,,1.0081818496995607
2026-05-25,2026-05-25 11:29:27,V042,,1.0095743308341603
2026-05-25,2026-05-25 11:29:28,V042,,1.0074746514334152
2026-05-25,2026-05-25 11:29:29,V042,,1.0080801020049843
2026-05-25,2026-05-25 11:29:30,V042,,1.0070399543589201
2026-05-25,2026-05-25 11:29:31,V042,99.0,1.0110387423956673
2026-05-25,2026-05-25 11:29:32,V042,99.0,1.0046136325537962
2026-05-25,2026-05-25 11:29:33,V042,98.0,1.0064811323868301
2026-05-25,2026-05-25 11:29:34,V042,98.0,1.006940609195543
2026-05-25,2026-05-25 11:29:35,V042,,1.0066234198276303
2026-05-25,2026-05-25 11:29:36,V042,,1.0062889805525146
2026-05-25,2026-05-25 11:29:37,V042,,1.0066012320611764
2026-05-25,2026-05-25 11:29:38,V042,,1.0062700750437923
2026-05-25,2026-05-25 11:29:39,V042,,1.0105998382641612
2026-05-25,2026-05-25 11:29:40,V042,,1.0077890068667401
2026-05-25,2026-05-25 11:29:41,V042,,1.0060945450196248
2026-05-25,2026-05-25 11:29:42,V042,,1.0070930019804798
2026-05-25,2026-05-25 11:29:43,V042,,1.0082272096841014
2026-05-25,2026-05-25 11:29:44,V042,,1.0065025993813257
2026-05-25,2026-05-25 11:29:45,V042,,1.006975873959167
2026-05-25,2026-05-25 11:29:46,V042,,1.006434953622575
2026-05-25,2026-05-25 11:29:47,V042,,1.0073323913230519
2026-05-25,2026-05-25 11:29:48,V042,,1.0071483068624563
2026-05-25,2026-05-25 11:29:49,V042,,1.0071636820326775
2026-05-25,2026-05-25 11:29:50,V042,,1.0064213591854934
2026-05-25,2026-05-25 11:29:51,V042,,1.0064735264159057
2026-05-25,2026-05-25 11:29:52,V042,,1.0067411288317893
2026-05-25,2026-05-25 11:29:53,V042,,1.0064699877463836
2026-05-25,2026-05-25 11:29:54,V042,,1.0067587715658455
2026-05-25,2026-05-25 11:29:55,V042,,1.0066951072167878
2026-05-25,2026-05-25 11:29:56,V042,,1.0057429603199364
2026-05-25,2026-05-25 11:29:57,V042,,1.00681396552868
2026-05-25,2026-05-25 11:29:58,V042,,1.0062603702967414
2026-05-25,2026-05-25 11:29:59,V042,,1.0076664195187854
2026-05-25,2026-05-25 11:30:00,V042,,1.0071298008211325
2026-05-25,2026-05-25 11:30:01,V042,,1.0065607710797724
2026-05-25,2026-05-25 11:30:02,V042,,1.0060078764990077
2026-05-25,2026-05-25 11:30:03,V042,,1.0067549587873095
2026-05-25,2026-05-25 11:30:04,V042,,1.0062621361848971
2026-05-25,2026-05-25 11:30:05,V042,,1.0071387372588547
2026-05-25,2026-05-25 11:30:06,V042,,1.006824194190318
2026-05-25,2026-05-25 11:30:07,V042,,1.0065473219451448
2026-05-25,2026-05-25 11:30:08,V042,,1.0064511024878937
2026-05-25,2026-05-25 11:30:09,V042,,1.0067639402988426
2026-05-25,2026-05-25 11:30:10,V042,,1.007322180306187
2026-05-25,2026-05-25 11:30:11,V042,,1.0063042881403301
2026-05-25,2026-05-25 11:30:12,V042,,1.0068193005710044
2026-05-25,2026-05-25 11:30:13,V042,,1.0065332749442408
2026-05-25,2026-05-25 11:30:14,V042,,1.0070260284105192
2026-05-25,2026-05-25 11:30:15,V042,,1.006855103375939
2026-05-25,2026-05-25 11:30:16,V042,,1.0071724482152096
2026-05-25,2026-05-25 11:30:17,V042,,1.0064983897485082
2026-05-25,2026-05-25 11:30:18,V042,,1.0064380835605264
2026-05-25,2026-05-25 11:30:19,V042,,1.006292034693684
2026-05-25,2026-05-25 11:30:20,V042,,1.0061521215064972
2026-05-25,2026-05-25 11:30:21,V042,,1.0063876859625953
2026-05-25,2026-05-25 11:30:22,V042,,1.006559789612121
2026-05-25,2026-05-25 11:30:23,V042,,1.006564651939136
2026-05-25,2026-05-25 11:30:24,V042,,1.0065563483019653
2026-05-25,2026-05-25 11:30:25,V042,,1.0065155700028066
2026-05-25,2026-05-25 11:30:26,V042,,1.0071422797853162
2026-05-25,2026-05-25 11:30:27,V042,,1.0063802252305327
2026-05-25,2026-05-25 11:30:28,V042,,1.0065038157324169
2026-05-25,2026-05-25 11:30:29,V042,,1.0067454779856644
2026-05-25,2026-05-25 11:30:30,V042,,1.0064389074184241
2026-05-25,2026-05-25 11:30:31,V042,,1.0068868861015559
2026-05-25,2026-05-25 11:30:32,V042,,1.0060707337774604
2026-05-25,2026-05-25 11:30:33,V042,,1.0065958458807498
2026-05-25,2026-05-25 11:30:34,V042,,1.0069454782101357
2026-05-25,2026-05-25 11:30:35,V042,,1.0080009457711194
2026-05-25,2026-05-25 11:30:36,V042,,1.0065943888320137
2026-05-25,2026-05-25 11:30:37,V042,,1.006101936803405
2026-05-25,2026-05-25 11:30:38,V042,,1.0067047697592792
2026-05-25,2026-05-25 11:30:39,V042,,1.0063036308178264
2026-05-25,2026-05-25 11:30:40,V042,,1.0063583422963764
2026-05-25,2026-05-25 11:30:41,V042,,1.0064181791106408
2026-05-25,2026-05-25 11:30:42,V042,,1.0062183147342245
2026-05-25,2026-05-25 11:30:43,V042,,1.005889397771585
2026-05-25,2026-05-25 11:30:44,V042,,1.0063392971949285
2026-05-25,2026-05-25 11:30:45,V042,,1.0067826055793239
2026-05-25,2026-05-25 11:30:46,V042,,1.005976224750678
2026-05-25,2026-05-25 11:30:47,V042,,1.0068859282234124
2026-05-25,2026-05-25 11:30:48,V042,,1.0072371479323883
2026-05-25,2026-05-25 11:30:49,V042,,1.0065143586913894
2026-05-25,2026-05-25 11:30:50,V042,,1.0066636204123627
2026-05-25,2026-05-25 11:30:51,V042,,1.0064481668630594
2026-05-25,2026-05-25 11:30:52,V042,,1.0067458936698142
2026-05-25,2026-05-25 11:30:53,V042,,1.005661100637052
2026-05-25,2026-05-25 11:30:54,V042,,1.006515559120379
2026-05-25,2026-05-25 11:30:55,V042,,1.0059266141770262
2026-05-25,2026-05-25 11:30:56,V042,,1.006351503561896
2026-05-25,2026-05-25 11:30:57,V042,,1.0063000358514063
2026-05-25,2026-05-25 11:30:58,V042,,1.0066344887776537
2026-05-25,2026-05-25 11:30:59,V042,,1.005499832935579
2026-05-25,2026-05-25 11:31:00,V042,,1.0066779233637966
2026-05-25,2026-05-25 11:31:01,V042,,1.0076414604165191
2026-05-25,2026-05-25 11:31:02,V042,,1.006636535254424
2026-05-25,2026-05-25 11:31:03,V042,,1.006604169918198
2026-05-25,2026-05-25 11:31:04,V042,,1.0070305022245098
2026-05-25,2026-05-25 11:31:05,V042,,1.0061376747556627
2026-05-25,2026-05-25 11:31:06,V042,,1.0073611674741174
2026-05-25,2026-05-25 11:31:07,V042,,1.0064603445421847
2026-05-25,2026-05-25 11:31:08,V042,,1.0059272349249415
2026-05-25,2026-05-25 11:31:09,V042,,1.0071034492844049
2026-05-25,2026-05-25 11:31:10,V042,,1.0060590577582647
2026-05-25,2026-05-25 11:31:11,V042,,1.0063146896549824
2026-05-25,2026-05-25 11:31:12,V042,,1.0060504305818927
2026-05-25,2026-05-25 11:31:13,V042,,1.0066623160372705
2026-05-25,2026-05-25 11:31:14,V042,,1.006667593973693
2026-05-25,2026-05-25 11:31:15,V042,,1.0066646254764229
2026-05-25,2026-05-25 11:31:16,V042,,1.0057926463972955
2026-05-25,2026-05-25 11:31:17,V042,,1.0058501339377277
2026-05-25,2026-05-25 11:31:18,V042,,1.0057738529930365
2026-05-25,2026-05-25 11:31:19,V042,,1.0068094351505377
2026-05-25,2026-05-25 11:31:20,V042,,1.007233011584916
2026-05-25,2026-05-25 11:31:21,V042,,1.0063673351689473
2026-05-25,2026-05-25 11:31:22,V042,,1.0067392481734925
2026-05-25,2026-05-25 11:31:23,V042,,1.0070738609657
2026-05-25,2026-05-25 11:31:24,V042,,1.0060277840047744
2026-05-25,2026-05-25 11:31:25,V042,,1.0065990891706431
2026-05-25,2026-05-25 11:31:26,V042,,1.0058020781607955
2026-05-25,2026-05-25 11:31:27,V042,,1.0066171441665557
2026-05-25,2026-05-25 11:31:28,V042,,1.00666572743888
2026-05-25,2026-05-25 11:31:29,V042,,1.0064932253643044
2026-05-25,2026-05-25 11:31:30,V042,,1.0062463533173318
2026-05-25,2026-05-25 11:31:31,V042,,1.0056105286106887
2026-05-25,2026-05-25 11:31:32,V042,,1.005830352379374
2026-05-25,2026-05-25 11:31:33,V042,,1.006169277390003
2026-05-25,2026-05-25 11:31:34,V042,,1.0056717387138565
2026-05-25,2026-05-25 11:31:35,V042,,1.0062442621653156
2026-05-25,2026-05-25 11:31:36,V042,,1.0062564568265822
2026-05-25,2026-05-25 11:31:37,V042,,1.006386117750076
2026-05-25,2026-05-25 11:31:38,V042,,1.0063022204641063
2026-05-25,2026-05-25 11:31:39,V042,,1.0060517557702477
2026-05-25,2026-05-25 11:31:40,V042,,1.0073151986339557
2026-05-25,2026-05-25 11:31:41,V042,,1.0059828418573917
2026-05-25,2026-05-25 11:31:42,V042,,1.0061591319617265
2026-05-25,2026-05-25 11:31:43,V042,,1.0065350628598018
2026-05-25,2026-05-25 11:31:44,V042,,1.0069607124340152
2026-05-25,2026-05-25 11:31:45,V042,,1.0066888600098003
2026-05-25,2026-05-25 11:31:46,V042,,1.006194759904086
2026-05-25,2026-05-25 11:31:47,V042,,1.0058963507709642
2026-05-25,2026-05-25 11:31:48,V042,,1.006349570924275
2026-05-25,2026-05-25 11:31:49,V042,,1.0065656851130773
2026-05-25,2026-05-25 11:31:50,V042,,1.0065875939547455
2026-05-25,2026-05-25 11:31:51,V042,,1.0060645874106482
2026-05-25,2026-05-25 11:31:52,V042,,1.0062906984507791
2026-05-25,2026-05-25 11:31:53,V042,,1.0073941572263976
2026-05-25,2026-05-25 11:31:54,V042,,1.0054618360011043
2026-05-25,2026-05-25 11:31:55,V042,,1.0060211193675461
2026-05-25,2026-05-25 11:31:56,V042,,1.0063733966527275
2026-05-25,2026-05-25 11:31:57,V042,,1.005874088786383
2026-05-25,2026-05-25 11:31:58,V042,,1.0062052270415416
2026-05-25,2026-05-25 11:31:59,V042,,1.0065814949764476
2026-05-25,2026-05-25 11:32:00,V042,,1.0065924204010481
2026-05-25,2026-05-25 11:32:01,V042,,1.0061432994220754
2026-05-25,2026-05-25 11:32:02,V042,,1.0055793326625804
2026-05-25,2026-05-25 11:32:03,V042,,1.0061628596000094
2026-05-25,2026-05-25 11:32:04,V042,,1.0063032096442033
2026-05-25,2026-05-25 11:32:05,V042,,1.006109050259516
2026-05-25,2026-05-25 11:32:06,V042,,1.0064100725637954
2026-05-25,2026-05-25 11:32:07,V042,,1.0057511493157214
2026-05-25,2026-05-25 11:32:08,V042,,1.0056738871327715
2026-05-25,2026-05-25 11:32:09,V042,,1.007695591021939
2026-05-25,2026-05-25 11:32:10,V042,,1.0068683652216999
2026-05-25,2026-05-25 11:32:11,V042,,1.0059760429396838
2026-05-25,2026-05-25 11:32:12,V042,,1.0066502265768429
2026-05-25,2026-05-25 11:32:13,V042,,1.006670285658626
2026-05-25,2026-05-25 11:32:14,V042,,1.0063517511147975
2026-05-25,2026-05-25 11:32:15,V042,,1.0052455095465533
2026-05-25,2026-05-25 11:32:16,V042,,1.0070633847706012
2026-05-25,2026-05-25 11:32:17,V042,,1.0070587291262048
2026-05-25,2026-05-25 11:32:18,V042,,1.0070353412976094
2026-05-25,2026-05-25 11:32:19,V042,,1.006128362976997
2026-05-25,2026-05-25 11:32:20,V042,,1.0064643701075195
2026-05-25,2026-05-25 11:32:21,V042,,1.0066989449089871
2026-05-25,2026-05-25 11:32:22,V042,,1.0059025355649764
2026-05-25,2026-05-25 11:32:23,V042,,1.0064000140717217
2026-05-25,2026-05-25 11:32:24,V042,,1.0062163774521495
2026-05-25,2026-05-25 11:32:25,V042,,1.0059596719256858
2026-05-25,2026-05-25 11:32:26,V042,,1.006262938722711
2026-05-25,2026-05-25 11:32:27,V042,,1.0053017126198498
2026-05-25,2026-05-25 11:32:28,V042,,1.0061506445538608
2026-05-25,2026-05-25 11:32:29,V042,,1.0062681410802643
2026-05-25,2026-05-25 11:32:30,V042,,1.0066335004521938
2026-05-25,2026-05-25 11:32:31,V042,,1.0068801882282743
2026-05-25,2026-05-25 11:32:32,V042,,1.0056600272206926
2026-05-25,2026-05-25 11:32:33,V042,,1.0065570882665051
2026-05-25,2026-05-25 11:32:34,V042,,1.0063042506130537
2026-05-25,2026-05-25 11:32:35,V042,,1.006208066452209
2026-05-25,2026-05-25 11:32:36,V042,,1.006005868805622
2026-05-25,2026-05-25 11:32:37,V042,,1.0055902928955298
2026-05-25,2026-05-25 11:32:38,V042,,1.0056009084917497
2026-05-25,2026-05-25 11:32:39,V042,,1.0062662173819295
2026-05-25,2026-05-25 11:32:40,V042,,1.0064649318329333
2026-05-25,2026-05-25 11:32:41,V042,,1.0045335881652884
2026-05-25,2026-05-25 11:32:42,V042,,1.006248211962495
2026-05-25,2026-05-25 11:32:43,V042,,1.0067923013918691
2026-05-25,2026-05-25 11:32:44,V042,,1.0064155391605651
2026-05-25,2026-05-25 11:32:45,V042,,1.0061759706310924
2026-05-25,2026-05-25 11:32:46,V042,,1.0060961308530734
2026-05-25,2026-05-25 11:32:47,V042,,1.0062546385411828
2026-05-25,2026-05-25 11:32:48,V042,,1.0059522127841936
2026-05-25,2026-05-25 11:32:49,V042,,1.0064829444570371
2026-05-25,2026-05-25 11:32:50,V042,,1.0051546304718197
2026-05-25,2026-05-25 11:32:51,V042,,1.0052354846770915
2026-05-25,2026-05-25 11:32:52,V042,,1.005819920880777
2026-05-25,2026-05-25 11:32:53,V042,,1.0057736486193196
2026-05-25,2026-05-25 11:32:54,V042,,1.0066644149086457
2026-05-25,2026-05-25 11:32:55,V042,,1.005983241576564
2026-05-25,2026-05-25 11:32:56,V042,,1.0057071262666843
2026-05-25,2026-05-25 11:32:57,V042,,1.0068692914256088
2026-05-25,2026-05-25 11:32:58,V042,,1.0062651620995477
2026-05-25,2026-05-25 11:32:59,V042,,1.006020540146924
2026-05-25,2026-05-25 11:33:00,V042,,1.006402687973693
2026-05-25,2026-05-25 11:33:01,V042,,1.0059971053969992
2026-05-25,2026-05-25 11:33:02,V042,,1.005985230361929
2026-05-25,2026-05-25 11:33:03,V042,,1.0066564711574266
2026-05-25,2026-05-25 11:33:04,V042,,1.0058323793991402
2026-05-25,2026-05-25 11:33:05,V042,,1.00494875259925
2026-05-25,2026-05-25 11:33:06,V042,,1.0093146235972579
2026-05-25,2026-05-25 11:33:07,V042,,1.0065153110701972
2026-05-25,2026-05-25 11:33:08,V042,,1.0055711602697892
2026-05-25,2026-05-25 11:33:09,V042,,1.0054738394674212
2026-05-25,2026-05-25 11:33:10,V042,,1.0055677231951257
2026-05-25,2026-05-25 11:33:11,V042,,1.006326316278512
2026-05-25,2026-05-25 11:33:12,V042,,1.0058657160019846
2026-05-25,2026-05-25 11:33:13,V042,,1.0057545848159557
2026-05-25,2026-05-25 11:33:14,V042,,1.0053659438440383
2026-05-25,2026-05-25 11:33:15,V042,,1.0064787583559833
2026-05-25,2026-05-25 11:33:16,V042,,1.0057974718350724
2026-05-25,2026-05-25 11:33:17,V042,,1.0064223048524101
2026-05-25,2026-05-25 11:33:18,V042,,1.006164055429973
2026-05-25,2026-05-25 11:33:19,V042,,1.0063397155215694
2026-05-25,2026-05-25 11:33:20,V042,,1.0062764967515274
2026-05-25,2026-05-25 11:33:21,V042,,1.006726716698461
2026-05-25,2026-05-25 11:33:22,V042,,1.0054557552430805
2026-05-25,2026-05-25 11:33:23,V042,,1.006738823189059
2026-05-25,2026-05-25 11:33:24,V042,,1.0069074552102222
2026-05-25,2026-05-25 11:33:25,V042,,1.0077490779536926
2026-05-25,2026-05-25 11:33:26,V042,,1.0068188151780106
2026-05-25,2026-05-25 11:33:27,V042,,1.0053302689535317
2026-05-25,2026-05-25 11:33:28,V042,,1.0057977278998176
2026-05-25,2026-05-25 11:33:29,V042,,1.0060949085548776
2026-05-25,2026-05-25 11:33:30,V042,,1.0067587960672237
2026-05-25,2026-05-25 11:33:31,V042,,1.0058448302193115
2026-05-25,2026-05-25 11:33:32,V042,,1.0065449476822055
2026-05-25,2026-05-25 11:33:33,V042,,1.0066133018149168
2026-05-25,2026-05-25 11:33:34,V042,,1.0057576292043824
2026-05-25,2026-05-25 11:33:35,V042,,1.006905670499742
2026-05-25,2026-05-25 11:33:36,V042,,1.0065637481839826
2026-05-25,2026-05-25 11:33:37,V042,,1.0061040840029185
2026-05-25,2026-05-25 11:33:38,V042,,1.0058679281491316
2026-05-25,2026-05-25 11:33:39,V042,,1.0054417140993195
2026-05-25,2026-05-25 11:33:40,V042,,1.0060812061559807
2026-05-25,2026-05-25 11:33:41,V042,,1.0057368479313786
2026-05-25,2026-05-25 11:33:42,V042,,1.0065999280419877
2026-05-25,2026-05-25 11:33:43,V042,,1.0063279880452325
2026-05-25,2026-05-25 11:33:44,V042,,1.0054476065205877
2026-05-25,2026-05-25 11:33:45,V042,,1.006130262914963
2026-05-25,2026-05-25 11:33:46,V042,,1.006049108696621
2026-05-25,2026-05-25 11:33:47,V042,,1.0056667326791746
2026-05-25,2026-05-25 11:33:48,V042,,1.0061075299989488
2026-05-25,2026-05-25 11:33:49,V042,,1.006484933337519
2026-05-25,2026-05-25 11:33:50,V042,,1.0061323092692853
2026-05-25,2026-05-25 11:33:51,V042,,1.006246615660645
2026-05-25,2026-05-25 11:33:52,V042,,1.0058316877339248
2026-05-25,2026-05-25 11:33:53,V042,,1.005355904402914
2026-05-25,2026-05-25 11:33:54,V042,,1.006393454962007
2026-05-25,2026-05-25 11:33:55,V042,,1.0065076706730531
2026-05-25,2026-05-25 11:33:56,V042,,1.0067728867102042
2026-05-25,2026-05-25 11:33:57,V042,,1.005923276660637
2026-05-25,2026-05-25 11:33:58,V042,,1.0054784510263453
2026-05-25,2026-05-25 11:33:59,V042,,1.0060130600084047
2026-05-25,2026-05-25 11:34:00,V042,,1.0059260650964486
2026-05-25,2026-05-25 11:34:01,V042,,1.0063027600133845
2026-05-25,2026-05-25 11:34:02,V042,,1.0062430547763463
2026-05-25,2026-05-25 11:34:03,V042,,1.006518098840047
2026-05-25,2026-05-25 11:34:04,V042,,1.0067985229251357
2026-05-25,2026-05-25 11:34:05,V042,,1.0064273352965907
2026-05-25,2026-05-25 11:34:06,V042,,1.0062953134601573
2026-05-25,2026-05-25 11:34:07,V042,,1.0062508201467961
2026-05-25,2026-05-25 11:34:08,V042,,1.0062237974377162
2026-05-25,2026-05-25 11:34:09,V042,,1.0062624292844806
2026-05-25,2026-05-25 11:34:10,V042,,1.006263922722481
2026-05-25,2026-05-25 11:34:11,V042,,1.0064375443682372
2026-05-25,2026-05-25 11:34:12,V042,,1.006217206022425
2026-05-25,2026-05-25 11:34:13,V042,,1.0061559018262316
2026-05-25,2026-05-25 11:34:14,V042,,1.0066505194419286
2026-05-25,2026-05-25 11:34:15,V042,,1.0066193387453959
2026-05-25,2026-05-25 11:34:16,V042,,1.0067206914240268
2026-05-25,2026-05-25 11:34:17,V042,,1.0066413674946861
2026-05-25,2026-05-25 11:34:18,V042,,1.006804667268275
2026-05-25,2026-05-25 11:34:19,V042,,1.0059268851505103
2026-05-25,2026-05-25 11:34:20,V042,,1.0059075114390799
2026-05-25,2026-05-25 11:34:21,V042,,1.0060219301258324
2026-05-25,2026-05-25 11:34:22,V042,,1.0061173930690435
2026-05-25,2026-05-25 11:34:23,V042,,1.0064197317021093
2026-05-25,2026-05-25 11:34:24,V042,,1.0057556170334592
2026-05-25,2026-05-25 11:34:25,V042,,1.0065614945900945
2026-05-25,2026-05-25 11:34:26,V042,,1.0059977430916196
2026-05-25,2026-05-25 11:34:27,V042,,1.006878164113838
2026-05-25,2026-05-25 11:34:28,V042,,1.006478609505382
2026-05-25,2026-05-25 11:34:29,V042,,1.005823799670323
2026-05-25,2026-05-25 11:34:30,V042,,1.005877806008495
2026-05-25,2026-05-25 11:34:31,V042,,1.0062529378514966
2026-05-25,2026-05-25 11:34:32,V042,,1.0058717404063682
2026-05-25,2026-05-25 11:34:33,V042,,1.0065226195608703
2026-05-25,2026-05-25 11:34:34,V042,,1.006142664806334
2026-05-25,2026-05-25 11:34:35,V042,,1.005662551538353
2026-05-25,2026-05-25 11:34:36,V042,,1.0062767182140975
2026-05-25,2026-05-25 11:34:37,V042,,1.0061989001839078
2026-05-25,2026-05-25 11:34:38,V042,,1.0066309556248443
2026-05-25,2026-05-25 11:34:39,V042,,1.006286865642704
2026-05-25,2026-05-25 11:34:40,V042,,1.0063878926261605
2026-05-25,2026-05-25 11:34:41,V042,,1.00638568480891
2026-05-25,2026-05-25 11:34:42,V042,,1.0059757915598613
2026-05-25,2026-05-25 11:34:43,V042,,1.0052326677171244
2026-05-25,2026-05-25 11:34:44,V042,,1.0055592745293678
2026-05-25,2026-05-25 11:34:45,V042,,1.0068109955454472
2026-05-25,2026-05-25 11:34:46,V042,,1.0063050764059644
2026-05-25,2026-05-25 11:34:47,V042,,1.0055457885490617
2026-05-25,2026-05-25 11:34:48,V042,,1.0062169893482669
2026-05-25,2026-05-25 11:34:49,V042,,1.006583653422727
2026-05-25,2026-05-25 11:34:50,V042,,1.0058761721847715
2026-05-25,2026-05-25 11:34:51,V042,,1.0055735412577433
2026-05-25,2026-05-25 11:34:52,V042,,1.0063315427063069
2026-05-25,2026-05-25 11:34:53,V042,,1.0060892133217034
2026-05-25,2026-05-25 11:34:54,V042,,1.0063699230610237
2026-05-25,2026-05-25 11:34:55,V042,,1.0053704911641828
2026-05-25,2026-05-25 11:34:56,V042,,1.0061619009243707
2026-05-25,2026-05-25 11:34:57,V042,,1.0061283963835614
2026-05-25,2026-05-25 11:34:58,V042,,1.005975515013532
2026-05-25,2026-05-25 11:34:59,V042,,1.006282919942893
2026-05-25,2026-05-25 11:35:00,V042,,1.0067400043193724
2026-05-25,2026-05-25 11:35:01,V042,,1.0056229266115018
2026-05-25,2026-05-25 11:35:02,V042,,1.0056761940633974
2026-05-25,2026-05-25 11:35:03,V042,,1.005868729804196
2026-05-25,2026-05-25 11:35:04,V042,,1.0060412167872688
2026-05-25,2026-05-25 11:35:05,V042,,1.0060237877745783
2026-05-25,2026-05-25 11:35:06,V042,,1.0058799684532886
2026-05-25,2026-05-25 11:35:07,V042,,1.006244671365173
2026-05-25,2026-05-25 11:35:08,V042,,1.0062770485264942
2026-05-25,2026-05-25 11:35:09,V042,,1.005519568962886
2026-05-25,2026-05-25 11:35:10,V042,,1.0059306298323296
2026-05-25,2026-05-25 11:35:11,V042,,1.0056616813995485
2026-05-25,2026-05-25 11:35:12,V042,,1.0057957027140398
2026-05-25,2026-05-25 11:35:13,V042,,1.005765926006086
2026-05-25,2026-05-25 11:35:14,V042,,1.00587182945074
2026-05-25,2026-05-25 11:35:15,V042,,1.005660253149194
2026-05-25,2026-05-25 11:35:16,V042,,1.0063697640976752
2026-05-25,2026-05-25 11:35:17,V042,,1.0061606847837692
2026-05-25,2026-05-25 11:35:18,V042,,1.0058722579406447
2026-05-25,2026-05-25 11:35:19,V042,,1.0068405229432387
2026-05-25,2026-05-25 11:35:20,V042,,1.006338365307865
2026-05-25,2026-05-25 11:35:21,V042,,1.0061024747774014
2026-05-25,2026-05-25 11:35:22,V042,,1.0061995259582976
2026-05-25,2026-05-25 11:35:23,V042,,1.0059359976147417
2026-05-25,2026-05-25 11:35:24,V042,,1.0063817181906993
2026-05-25,2026-05-25 11:35:25,V042,,1.006138059508513
2026-05-25,2026-05-25 11:35:26,V042,,1.0061383352687496
2026-05-25,2026-05-25 11:35:27,V042,,1.0059167130675206
2026-05-25,2026-05-25 11:35:28,V042,,1.0059401611127345
2026-05-25,2026-05-25 11:35:29,V042,,1.0060886142193783
2026-05-25,2026-05-25 11:35:30,V042,,1.0063323281456673
2026-05-25,2026-05-25 11:35:31,V042,,1.0060396149075976
2026-05-25,2026-05-25 11:35:32,V042,,1.005920666655912
2026-05-25,2026-05-25 11:35:33,V042,,1.0063947109732634
2026-05-25,2026-05-25 11:35:34,V042,,1.0051991214091012
2026-05-25,2026-05-25 11:35:35,V042,,1.0059710096089072
2026-05-25,2026-05-25 11:35:36,V042,,1.0059595521317137
2026-05-25,2026-05-25 11:35:37,V042,,1.0061046860985698
2026-05-25,2026-05-25 11:35:38,V042,,1.005742087127134
2026-05-25,2026-05-25 11:35:39,V042,,1.006386064714051
2026-05-25,2026-05-25 11:35:40,V042,,1.005640362145829
2026-05-25,2026-05-25 11:35:41,V042,,1.0060426514400436
2026-05-25,2026-05-25 11:35:42,V042,,1.0063110357781664
2026-05-25,2026-05-25 11:35:43,V042,,1.006445022150085
2026-05-25,2026-05-25 11:35:44,V042,,1.0070218066900596
2026-05-25,2026-05-25 11:35:45,V042,,1.0060682147321416
2026-05-25,2026-05-25 11:35:46,V042,,1.0058413791367402
2026-05-25,2026-05-25 11:35:47,V042,,1.0061811564444931
2026-05-25,2026-05-25 11:35:48,V042,,1.0061572418964515
2026-05-25,2026-05-25 11:35:49,V042,,1.0065945331364172
2026-05-25,2026-05-25 11:35:50,V042,,1.0061355572015127
2026-05-25,2026-05-25 11:35:51,V042,,1.0064765579623152
2026-05-25,2026-05-25 11:35:52,V042,,1.0061195433212002
2026-05-25,2026-05-25 11:35:53,V042,,1.0056521843763666
2026-05-25,2026-05-25 11:35:54,V042,,1.005904125019433
2026-05-25,2026-05-25 11:35:55,V042,,1.0061112917107702
2026-05-25,2026-05-25 11:35:56,V042,,1.0061886192636182
2026-05-25,2026-05-25 11:35:57,V042,,1.0055429746430982
2026-05-25,2026-05-25 11:35:58,V042,,1.006290746731533
2026-05-25,2026-05-25 11:35:59,V042,,1.006380292230185
2026-05-25,2026-05-25 11:36:00,V042,,1.006103329742014
2026-05-25,2026-05-25 11:36:01,V042,,1.006607059045553
2026-05-25,2026-05-25 11:36:02,V042,,1.0061165731943427
2026-05-25,2026-05-25 11:36:03,V042,,1.006827381675843
2026-05-25,2026-05-25 11:36:04,V042,,1.0074526800626349
2026-05-25,2026-05-25 11:36:05,V042,,1.0049638956016502
2026-05-25,2026-05-25 11:36:06,V042,,1.0054235030487901
2026-05-25,2026-05-25 11:36:07,V042,,1.0046427633479218
2026-05-25,2026-05-25 11:36:08,V042,,1.0064550322154795
2026-05-25,2026-05-25 11:36:09,V042,,1.0055006907606148
2026-05-25,2026-05-25 11:36:10,V042,,1.0076317695462718
2026-05-25,2026-05-25 11:36:11,V042,,1.0066283169084598
2026-05-25,2026-05-25 11:36:12,V042,,1.0059708134407088
2026-05-25,2026-05-25 11:36:13,V042,,1.006628205517838
2026-05-25,2026-05-25 11:36:14,V042,,1.0064668293572603
2026-05-25,2026-05-25 11:36:15,V042,,1.0054375621966862
2026-05-25,2026-05-25 11:36:16,V042,,1.0060406479422905
2026-05-25,2026-05-25 11:36:17,V042,,1.0058408134100618
2026-05-25,2026-05-25 11:36:18,V042,,1.0056138074107341
2026-05-25,2026-05-25 11:36:19,V042,,1.0068932904209456
2026-05-25,2026-05-25 11:36:20,V042,,1.0057780834046208
2026-05-25,2026-05-25 11:36:21,V042,,1.0065978520361787
2026-05-25,2026-05-25 11:36:22,V042,,1.0060311695101682
2026-05-25,2026-05-25 11:36:23,V042,,1.006097713091296
2026-05-25,2026-05-25 11:36:24,V042,,1.0073820930641089
2026-05-25,2026-05-25 11:36:25,V042,,1.0062119744417113
2026-05-25,2026-05-25 11:36:26,V042,,1.0062180641409344
2026-05-25,2026-05-25 11:36:27,V042,,1.0059290636665976
2026-05-25,2026-05-25 11:36:28,V042,,1.0062946469987215
2026-05-25,2026-05-25 11:36:29,V042,,1.0062703461414535
2026-05-25,2026-05-25 11:36:30,V042,,1.006430871016074
2026-05-25,2026-05-25 11:36:31,V042,,1.0069339838716669
2026-05-25,2026-05-25 11:36:32,V042,,1.0059592170340048
2026-05-25,2026-05-25 11:36:33,V042,,1.0061128011874954
2026-05-25,2026-05-25 11:36:34,V042,,1.0067711215096429
2026-05-25,2026-05-25 11:36:35,V042,,1.0071850728277707
2026-05-25,2026-05-25 11:36:36,V042,,1.0075682359417304
2026-05-25,2026-05-25 11:36:37,V042,,1.0061430561553333
2026-05-25,2026-05-25 11:36:38,V042,,1.00714408832534
2026-05-25,2026-05-25 11:36:39,V042,,1.0060925733017931
2026-05-25,2026-05-25 11:36:40,V042,,1.0063696474300614
2026-05-25,2026-05-25 11:36:41,V042,,1.0056949553835464
2026-05-25,2026-05-25 11:36:42,V042,,1.0057510558859664
2026-05-25,2026-05-25 11:36:43,V042,,1.0063777929757507
2026-05-25,2026-05-25 11:36:44,V042,,1.0061114098862718
2026-05-25,2026-05-25 11:36:45,V042,,1.0063865637136546
2026-05-25,2026-05-25 11:36:46,V042,,1.0070335766147491
2026-05-25,2026-05-25 11:36:47,V042,,1.0060134714811608
2026-05-25,2026-05-25 11:36:48,V042,,1.006418264644153
2026-05-25,2026-05-25 11:36:49,V042,,1.0071535314659876
2026-05-25,2026-05-25 11:36:50,V042,,1.006807900621137
2026-05-25,2026-05-25 11:36:51,V042,,1.0068958196457654
2026-05-25,2026-05-25 11:36:52,V042,,1.0066720176297546
2026-05-25,2026-05-25 11:36:53,V042,,1.0058853556787044
2026-05-25,2026-05-25 11:36:54,V042,,1.0069010037362478
2026-05-25,2026-05-25 11:36:55,V042,,1.0061683934109364
2026-05-25,2026-05-25 11:36:56,V042,,1.006468709615445
2026-05-25,2026-05-25 11:36:57,V042,,1.0068051119885297
2026-05-25,2026-05-25 11:36:58,V042,,1.006177970667522
2026-05-25,2026-05-25 11:36:59,V042,,1.0064883570733059
2026-05-25,2026-05-25 11:37:00,V042,,1.006676654525535
2026-05-25,2026-05-25 11:37:01,V042,,1.0054599798645782
2026-05-25,2026-05-25 11:37:02,V042,,1.0061864533586338
2026-05-25,2026-05-25 11:37:03,V042,,1.0068259312505201
2026-05-25,2026-05-25 11:37:04,V042,,1.0058208468417584
2026-05-25,2026-05-25 11:37:05,V042,,1.0059183706213923
2026-05-25,2026-05-25 11:37:06,V042,,1.006553761844589
2026-05-25,2026-05-25 11:37:07,V042,,1.0063395785351412
2026-05-25,2026-05-25 11:37:08,V042,,1.0060424417733873
2026-05-25,2026-05-25 11:37:09,V042,,1.0061608026089455
2026-05-25,2026-05-25 11:37:10,V042,,1.0061007348700737
2026-05-25,2026-05-25 11:37:11,V042,,1.00690344705753
2026-05-25,2026-05-25 11:37:12,V042,,1.0062293005315088
2026-05-25,2026-05-25 11:37:13,V042,,1.0061257413707887
2026-05-25,2026-05-25 11:37:14,V042,,1.0065464228029835
2026-05-25,2026-05-25 11:37:15,V042,,1.0061064090648288
2026-05-25,2026-05-25 11:37:16,V042,,1.006581381692196
2026-05-25,2026-05-25 11:37:17,V042,,1.0059568239353136
2026-05-25,2026-05-25 11:37:18,V042,,1.0065890092554188
2026-05-25,2026-05-25 11:37:19,V042,,1.0062097374536596
2026-05-25,2026-05-25 11:37:20,V042,,1.0058401703029483
2026-05-25,2026-05-25 11:37:21,V042,,1.0063832486050708
2026-05-25,2026-05-25 11:37:22,V042,,1.0055796799178494
2026-05-25,2026-05-25 11:37:23,V042,,1.005951724998151
2026-05-25,2026-05-25 11:37:24,V042,,1.0062939493838245
2026-05-25,2026-05-25 11:37:25,V042,,1.006146057346635
2026-05-25,2026-05-25 11:37:26,V042,,1.0060027006068621
2026-05-25,2026-05-25 11:37:27,V042,,1.0060681533939888
2026-05-25,2026-05-25 11:37:28,V042,,1.0064080752184725
2026-05-25,2026-05-25 11:37:29,V042,,1.006194242598151
2026-05-25,2026-05-25 11:37:30,V042,,1.0062421134306234
2026-05-25,2026-05-25 11:37:31,V042,,1.0062332112613201
2026-05-25,2026-05-25 11:37:32,V042,,1.005548088146605
2026-05-25,2026-05-25 11:37:33,V042,,1.00603028302702
2026-05-25,2026-05-25 11:37:34,V042,,1.0059092910258332
2026-05-25,2026-05-25 11:37:35,V042,,1.005765119544234
2026-05-25,2026-05-25 11:37:36,V042,,1.0060424267300079
2026-05-25,2026-05-25 11:37:37,V042,,1.0061328704244785
2026-05-25,2026-05-25 11:37:38,V042,,1.0056376786131491
2026-05-25,2026-05-25 11:37:39,V042,,1.005942999404289
2026-05-25,2026-05-25 11:37:40,V042,,1.0059109931873769
2026-05-25,2026-05-25 11:37:41,V042,,1.005768077808185
2026-05-25,2026-05-25 11:37:42,V042,,1.006560923052105
2026-05-25,2026-05-25 11:37:43,V042,,1.005658953072892
2026-05-25,2026-05-25 11:37:44,V042,,1.0057025114920155
2026-05-25,2026-05-25 11:37:45,V042,,1.0058380082379814
2026-05-25,2026-05-25 11:37:46,V042,,1.0060211961170915
2026-05-25,2026-05-25 11:37:47,V042,,1.006182075220379
2026-05-25,2026-05-25 11:37:48,V042,,1.005934159953512
2026-05-25,2026-05-25 11:37:49,V042,,1.0057354963404537
2026-05-25,2026-05-25 11:37:50,V042,,1.0064358485077665
2026-05-25,2026-05-25 11:37:51,V042,,1.0060469302139692
2026-05-25,2026-05-25 11:37:52,V042,,1.0065062861305971
2026-05-25,2026-05-25 11:37:53,V042,,1.005801805595904
2026-05-25,2026-05-25 11:37:54,V042,,1.0060537456116299
2026-05-25,2026-05-25 11:37:55,V042,,1.0058678344179037
2026-05-25,2026-05-25 11:37:56,V042,,1.006751706771785
2026-05-25,2026-05-25 11:37:57,V042,,1.006384974128534
2026-05-25,2026-05-25 11:37:58,V042,,1.0062936746442073
2026-05-25,2026-05-25 11:37:59,V042,,1.0061995483508144
2026-05-25,2026-05-25 11:38:00,V042,,1.00621493514109
2026-05-25,2026-05-25 11:38:01,V042,,1.0073325390037584
2026-05-25,2026-05-25 11:38:02,V042,,1.0064501622557827
2026-05-25,2026-05-25 11:38:03,V042,,1.0060224747606077
2026-05-25,2026-05-25 11:38:04,V042,,1.0063249577756759
2026-05-25,2026-05-25 11:38:05,V042,,1.0063586800279563
2026-05-25,2026-05-25 11:38:06,V042,,1.0065987648048993
2026-05-25,2026-05-25 11:38:07,V042,,1.00668858072258
2026-05-25,2026-05-25 11:38:08,V042,,1.006236345146406
2026-05-25,2026-05-25 11:38:09,V042,,1.0066038032722326
2026-05-25,2026-05-25 11:38:10,V042,,1.0064200439541222
2026-05-25,2026-05-25 11:38:11,V042,,1.005642714745583
2026-05-25,2026-05-25 11:38:12,V042,,1.0061828124522676
2026-05-25,2026-05-25 11:38:13,V042,,1.0063365665134298
2026-05-25,2026-05-25 11:38:14,V042,,1.0055076988925045
2026-05-25,2026-05-25 11:38:15,V042,,1.0062810781190545
2026-05-25,2026-05-25 11:38:16,V042,,1.0065068842232143
2026-05-25,2026-05-25 11:38:17,V042,,1.0061671825677538
2026-05-25,2026-05-25 11:38:18,V042,,1.0062169644692496
2026-05-25,2026-05-25 11:38:19,V042,,1.0058245183070897
2026-05-25,2026-05-25 11:38:20,V042,,1.0070226619545106
2026-05-25,2026-05-25 11:38:21,V042,,1.0064214413041552
2026-05-25,2026-05-25 11:38:22,V042,,1.0066811359634502
2026-05-25,2026-05-25 11:38:23,V042,,1.0061413485197437
2026-05-25,2026-05-25 11:38:24,V042,,1.006950925931537
2026-05-25,2026-05-25 11:38:25,V042,,1.0065800687070094
2026-05-25,2026-05-25 11:38:26,V042,,1.0055851539604828
2026-05-25,2026-05-25 11:38:27,V042,,1.0061641970731077
2026-05-25,2026-05-25 11:38:28,V042,,1.0067317943886005
2026-05-25,2026-05-25 11:38:29,V042,,1.0061317146379896
2026-05-25,2026-05-25 11:38:30,V042,,1.0067361567070807
2026-05-25,2026-05-25 11:38:31,V042,,1.0057880012851723
2026-05-25,2026-05-25 11:38:32,V042,,1.0069137431983188
2026-05-25,2026-05-25 11:38:33,V042,,1.0068359606286978
2026-05-25,2026-05-25 11:38:34,V042,,1.0062022458044342
2026-05-25,2026-05-25 11:38:35,V042,,1.006475609638543
2026-05-25,2026-05-25 11:38:36,V042,,1.0066737598386384
2026-05-25,2026-05-25 11:38:37,V042,,1.0066682164688525
2026-05-25,2026-05-25 11:38:38,V042,,1.0063203692122795
2026-05-25,2026-05-25 11:38:39,V042,,1.0068802477984067
2026-05-25,2026-05-25 11:38:40,V042,,1.0057081596658244
2026-05-25,2026-05-25 11:38:41,V042,,1.0062680077118795
2026-05-25,2026-05-25 11:38:42,V042,,1.006406616915774
2026-05-25,2026-05-25 11:38:43,V042,,1.0059263601504673
2026-05-25,2026-05-25 11:38:44,V042,,1.0058885032006457
2026-05-25,2026-05-25 11:38:45,V042,,1.0059735384495794
2026-05-25,2026-05-25 11:38:46,V042,,1.006112157619867
2026-05-25,2026-05-25 11:38:47,V042,,1.0064064758262514
2026-05-25,2026-05-25 11:38:48,V042,,1.0062162185584083
2026-05-25,2026-05-25 11:38:49,V042,,1.0064439085884866
2026-05-25,2026-05-25 11:38:50,V042,,1.006044601804848
2026-05-25,2026-05-25 11:38:51,V042,,1.0062340961975538
2026-05-25,2026-05-25 11:38:52,V042,,1.0066346724296222
2026-05-25,2026-05-25 11:38:53,V042,,1.0069012471894028
2026-05-25,2026-05-25 11:38:54,V042,,1.0062170952864193
2026-05-25,2026-05-25 11:38:55,V042,,1.0066457529609987
2026-05-25,2026-05-25 11:38:56,V042,,1.0064760658303353
2026-05-25,2026-05-25 11:38:57,V042,,1.0065100449456754
2026-05-25,2026-05-25 11:38:58,V042,,1.0064063064727564
2026-05-25,2026-05-25 11:38:59,V042,,1.0061173669610448
2026-05-25,2026-05-25 11:39:00,V042,,1.0061823614729808
2026-05-25,2026-05-25 11:39:01,V042,,1.0061403991318623
2026-05-25,2026-05-25 11:39:02,V042,,1.0064341035557762
2026-05-25,2026-05-25 11:39:03,V042,,1.0064395123419936
2026-05-25,2026-05-25 11:39:04,V042,,1.006172088780983
2026-05-25,2026-05-25 11:39:05,V042,,1.006213494462502
2026-05-25,2026-05-25 11:39:06,V042,,1.0062040827079222
2026-05-25,2026-05-25 11:39:07,V042,,1.0062793890913369
2026-05-25,2026-05-25 11:39:08,V042,,1.0059523672476047
2026-05-25,2026-05-25 11:39:09,V042,,1.0054894292723005
2026-05-25,2026-05-25 11:39:10,V042,,1.0061021694984444
2026-05-25,2026-05-25 11:39:11,V042,,1.0064548369504862
2026-05-25,2026-05-25 11:39:12,V042,,1.0058767840164546
2026-05-25,2026-05-25 11:39:13,V042,,1.0063998068748683
2026-05-25,2026-05-25 11:39:14,V042,,1.007133749432296
2026-05-25,2026-05-25 11:39:15,V042,,1.0063032531347171
2026-05-25,2026-05-25 11:39:16,V042,,1.0063266176829833
2026-05-25,2026-05-25 11:39:17,V042,,1.006694506297828
2026-05-25,2026-05-25 11:39:18,V042,,1.0065406579404064
2026-05-25,2026-05-25 11:39:19,V042,,1.0058167603642372
2026-05-25,2026-05-25 11:39:20,V042,,1.0059693765990383
2026-05-25,2026-05-25 11:39:21,V042,,1.0062545524400148
2026-05-25,2026-05-25 11:39:22,V042,,1.0053518534853307
2026-05-25,2026-05-25 11:39:23,V042,,1.0063550669230525
2026-05-25,2026-05-25 11:39:24,V042,,1.0066487390333272
2026-05-25,2026-05-25 11:39:25,V042,,1.0066802157626857
2026-05-25,2026-05-25 11:39:26,V042,,1.0064460848259835
2026-05-25,2026-05-25 11:39:27,V042,,1.0063412540808006
2026-05-25,2026-05-25 11:39:28,V042,,1.0066025310357403
2026-05-25,2026-05-25 11:39:29,V042,,1.006168125366681
2026-05-25,2026-05-25 11:39:30,V042,,1.0069636480972464
